26-03-30 17:49:20.968 [background-preinit] INFO  o.h.validator.internal.util.Version - HV000001: Hibernate Validator 8.0.1.Final
26-03-30 17:49:20.987 [Test worker] INFO  c.s.m.d.r.UserRepositoryTest - Starting UserRepositoryTest using Java 17.0.17 with PID 4890 (started by jiho in /Users/jiho/codeit/discodeit)
26-03-30 17:49:20.987 [Test worker] INFO  c.s.m.d.r.UserRepositoryTest - The following 1 profile is active: "test"
26-03-30 17:49:21.118 [Test worker] WARN  o.s.c.a.AnnotationConfigApplicationContext - Exception encountered during context initialization - cancelling refresh attempt: org.springframework.beans.factory.support.BeanDefinitionOverrideException: Invalid bean definition with name 'jpaAuditingHandler' defined in null: Cannot register bean definition [Root bean: class=org.springframework.data.auditing.AuditingHandler; scope=; abstract=false; lazyInit=null; autowireMode=2; dependencyCheck=0; autowireCandidate=true; primary=false; fallback=false; factoryBeanName=null; factoryMethodName=from; initMethodNames=null; destroyMethodNames=null] for bean 'jpaAuditingHandler' since there is already [Root bean: class=org.springframework.data.auditing.AuditingHandler; scope=; abstract=false; lazyInit=null; autowireMode=2; dependencyCheck=0; autowireCandidate=true; primary=false; fallback=false; factoryBeanName=null; factoryMethodName=from; initMethodNames=null; destroyMethodNames=null] bound.
26-03-30 17:49:21.123 [Test worker] INFO  o.s.b.a.l.ConditionEvaluationReportLogger - 

Error starting ApplicationContext. To display the condition evaluation report re-run your application with 'debug' enabled.
26-03-30 17:49:21.133 [Test worker] ERROR o.s.b.d.LoggingFailureAnalysisReporter - 

***************************
APPLICATION FAILED TO START
***************************

Description:

The bean 'jpaAuditingHandler' could not be registered. A bean with that name has already been defined and overriding is disabled.

Action:

Consider renaming one of the beans or enabling overriding by setting spring.main.allow-bean-definition-overriding=true

26-03-30 17:49:21.134 [Test worker] WARN  o.s.test.context.TestContextManager - Caught exception while allowing TestExecutionListener [org.springframework.test.context.support.DependencyInjectionTestExecutionListener] to prepare test instance [com.sprint.mission.discodeit.repository.UserRepositoryTest@53a84ff4]
java.lang.IllegalStateException: Failed to load ApplicationContext for [MergedContextConfiguration@5583098b testClass = com.sprint.mission.discodeit.repository.UserRepositoryTest, locations = [], classes = [com.sprint.mission.discodeit.DiscodeitApplication], contextInitializerClasses = [], activeProfiles = ["test"], propertySourceDescriptors = [], propertySourceProperties = ["org.springframework.boot.test.autoconfigure.orm.jpa.DataJpaTestContextBootstrapper=true"], contextCustomizers = [org.springframework.boot.test.autoconfigure.OnFailureConditionReportContextCustomizerFactory$OnFailureConditionReportContextCustomizer@3d9f6567, org.springframework.boot.test.autoconfigure.OverrideAutoConfigurationContextCustomizerFactory$DisableAutoConfigurationContextCustomizer@35e5d0e5, org.springframework.boot.test.autoconfigure.actuate.observability.ObservabilityContextCustomizerFactory$DisableObservabilityContextCustomizer@1f, org.springframework.boot.test.autoconfigure.filter.TypeExcludeFiltersContextCustomizer@34be3d80, org.springframework.boot.test.autoconfigure.properties.PropertyMappingContextCustomizer@c4eecdf4, org.springframework.boot.test.autoconfigure.web.servlet.WebDriverContextCustomizer@68ad99fe, [ImportsContextCustomizer@5807efad key = [org.springframework.boot.autoconfigure.transaction.TransactionAutoConfiguration, org.springframework.boot.autoconfigure.data.jpa.JpaRepositoriesAutoConfiguration, org.springframework.boot.test.autoconfigure.orm.jpa.TestEntityManagerAutoConfiguration, org.springframework.boot.autoconfigure.cache.CacheAutoConfiguration, org.springframework.boot.autoconfigure.orm.jpa.HibernateJpaAutoConfiguration, org.springframework.boot.autoconfigure.sql.init.SqlInitializationAutoConfiguration, org.springframework.boot.test.autoconfigure.jdbc.TestDatabaseAutoConfiguration, org.springframework.boot.autoconfigure.flyway.FlywayAutoConfiguration, com.sprint.mission.discodeit.config.TestJpaAuditingConfig, org.springframework.boot.autoconfigure.jdbc.DataSourceTransactionManagerAutoConfiguration, org.springframework.boot.autoconfigure.liquibase.LiquibaseAutoConfiguration, org.springframework.boot.autoconfigure.jdbc.JdbcClientAutoConfiguration, org.springframework.boot.autoconfigure.jdbc.DataSourceAutoConfiguration, org.springframework.boot.autoconfigure.jdbc.JdbcTemplateAutoConfiguration]], org.springframework.boot.test.context.filter.ExcludeFilterContextCustomizer@45905bff, org.springframework.boot.test.json.DuplicateJsonObjectContextCustomizerFactory$DuplicateJsonObjectContextCustomizer@6b44435b, org.springframework.boot.test.mock.mockito.MockitoContextCustomizer@0, org.springframework.boot.test.web.reactor.netty.DisableReactorResourceFactoryGlobalResourcesContextCustomizerFactory$DisableReactorResourceFactoryGlobalResourcesContextCustomizerCustomizer@4189d70b, org.springframework.test.context.support.DynamicPropertiesContextCustomizer@0, org.springframework.boot.test.context.SpringBootTestAnnotation@980e0f83], contextLoader = org.springframework.boot.test.context.SpringBootContextLoader, parent = null]
	at org.springframework.test.context.cache.DefaultCacheAwareContextLoaderDelegate.loadContext(DefaultCacheAwareContextLoaderDelegate.java:180)
	at org.springframework.test.context.support.DefaultTestContext.getApplicationContext(DefaultTestContext.java:130)
	at org.springframework.test.context.support.DependencyInjectionTestExecutionListener.injectDependencies(DependencyInjectionTestExecutionListener.java:142)
	at org.springframework.test.context.support.DependencyInjectionTestExecutionListener.prepareTestInstance(DependencyInjectionTestExecutionListener.java:98)
	at org.springframework.test.context.TestContextManager.prepareTestInstance(TestContextManager.java:260)
	at org.springframework.test.context.junit.jupiter.SpringExtension.postProcessTestInstance(SpringExtension.java:160)
	at org.junit.jupiter.engine.descriptor.ClassBasedTestDescriptor.lambda$invokeTestInstancePostProcessors$11(ClassBasedTestDescriptor.java:378)
	at org.junit.jupiter.engine.descriptor.ClassBasedTestDescriptor.executeAndMaskThrowable(ClassBasedTestDescriptor.java:383)
	at org.junit.jupiter.engine.descriptor.ClassBasedTestDescriptor.lambda$invokeTestInstancePostProcessors$12(ClassBasedTestDescriptor.java:378)
	at java.base/java.util.stream.ForEachOps$ForEachOp$OfRef.accept(ForEachOps.java:183)
	at java.base/java.util.stream.ReferencePipeline$3$1.accept(ReferencePipeline.java:197)
	at java.base/java.util.stream.ReferencePipeline$2$1.accept(ReferencePipeline.java:179)
	at java.base/java.util.stream.ReferencePipeline$3$1.accept(ReferencePipeline.java:197)
	at java.base/java.util.ArrayList$ArrayListSpliterator.forEachRemaining(ArrayList.java:1625)
	at java.base/java.util.stream.AbstractPipeline.copyInto(AbstractPipeline.java:509)
	at java.base/java.util.stream.AbstractPipeline.wrapAndCopyInto(AbstractPipeline.java:499)
	at java.base/java.util.stream.ForEachOps$ForEachOp.evaluateSequential(ForEachOps.java:150)
	at java.base/java.util.stream.ForEachOps$ForEachOp$OfRef.evaluateSequential(ForEachOps.java:173)
	at java.base/java.util.stream.AbstractPipeline.evaluate(AbstractPipeline.java:234)
	at java.base/java.util.stream.ReferencePipeline.forEach(ReferencePipeline.java:596)
	at org.junit.jupiter.engine.descriptor.ClassBasedTestDescriptor.invokeTestInstancePostProcessors(ClassBasedTestDescriptor.java:377)
	at org.junit.jupiter.engine.descriptor.ClassBasedTestDescriptor.lambda$instantiateAndPostProcessTestInstance$7(ClassBasedTestDescriptor.java:290)
	at org.junit.platform.engine.support.hierarchical.ThrowableCollector.execute(ThrowableCollector.java:73)
	at org.junit.jupiter.engine.descriptor.ClassBasedTestDescriptor.instantiateAndPostProcessTestInstance(ClassBasedTestDescriptor.java:289)
	at org.junit.jupiter.engine.descriptor.ClassBasedTestDescriptor.lambda$testInstancesProvider$5(ClassBasedTestDescriptor.java:279)
	at java.base/java.util.Optional.orElseGet(Optional.java:364)
	at org.junit.jupiter.engine.descriptor.ClassBasedTestDescriptor.lambda$testInstancesProvider$6(ClassBasedTestDescriptor.java:278)
	at org.junit.jupiter.engine.execution.TestInstancesProvider.getTestInstances(TestInstancesProvider.java:31)
	at org.junit.jupiter.engine.descriptor.TestMethodTestDescriptor.lambda$prepare$1(TestMethodTestDescriptor.java:105)
	at org.junit.platform.engine.support.hierarchical.ThrowableCollector.execute(ThrowableCollector.java:73)
	at org.junit.jupiter.engine.descriptor.TestMethodTestDescriptor.prepare(TestMethodTestDescriptor.java:104)
	at org.junit.jupiter.engine.descriptor.TestMethodTestDescriptor.prepare(TestMethodTestDescriptor.java:68)
	at org.junit.platform.engine.support.hierarchical.NodeTestTask.lambda$prepare$2(NodeTestTask.java:128)
	at org.junit.platform.engine.support.hierarchical.ThrowableCollector.execute(ThrowableCollector.java:73)
	at org.junit.platform.engine.support.hierarchical.NodeTestTask.prepare(NodeTestTask.java:128)
	at org.junit.platform.engine.support.hierarchical.NodeTestTask.execute(NodeTestTask.java:95)
	at java.base/java.util.ArrayList.forEach(ArrayList.java:1511)
	at org.junit.platform.engine.support.hierarchical.SameThreadHierarchicalTestExecutorService.invokeAll(SameThreadHierarchicalTestExecutorService.java:41)
	at org.junit.platform.engine.support.hierarchical.NodeTestTask.lambda$executeRecursively$6(NodeTestTask.java:160)
	at org.junit.platform.engine.support.hierarchical.ThrowableCollector.execute(ThrowableCollector.java:73)
	at org.junit.platform.engine.support.hierarchical.NodeTestTask.lambda$executeRecursively$8(NodeTestTask.java:146)
	at org.junit.platform.engine.support.hierarchical.Node.around(Node.java:137)
	at org.junit.platform.engine.support.hierarchical.NodeTestTask.lambda$executeRecursively$9(NodeTestTask.java:144)
	at org.junit.platform.engine.support.hierarchical.ThrowableCollector.execute(ThrowableCollector.java:73)
	at org.junit.platform.engine.support.hierarchical.NodeTestTask.executeRecursively(NodeTestTask.java:143)
	at org.junit.platform.engine.support.hierarchical.NodeTestTask.execute(NodeTestTask.java:100)
	at java.base/java.util.ArrayList.forEach(ArrayList.java:1511)
	at org.junit.platform.engine.support.hierarchical.SameThreadHierarchicalTestExecutorService.invokeAll(SameThreadHierarchicalTestExecutorService.java:41)
	at org.junit.platform.engine.support.hierarchical.NodeTestTask.lambda$executeRecursively$6(NodeTestTask.java:160)
	at org.junit.platform.engine.support.hierarchical.ThrowableCollector.execute(ThrowableCollector.java:73)
	at org.junit.platform.engine.support.hierarchical.NodeTestTask.lambda$executeRecursively$8(NodeTestTask.java:146)
	at org.junit.platform.engine.support.hierarchical.Node.around(Node.java:137)
	at org.junit.platform.engine.support.hierarchical.NodeTestTask.lambda$executeRecursively$9(NodeTestTask.java:144)
	at org.junit.platform.engine.support.hierarchical.ThrowableCollector.execute(ThrowableCollector.java:73)
	at org.junit.platform.engine.support.hierarchical.NodeTestTask.executeRecursively(NodeTestTask.java:143)
	at org.junit.platform.engine.support.hierarchical.NodeTestTask.execute(NodeTestTask.java:100)
	at org.junit.platform.engine.support.hierarchical.SameThreadHierarchicalTestExecutorService.submit(SameThreadHierarchicalTestExecutorService.java:35)
	at org.junit.platform.engine.support.hierarchical.HierarchicalTestExecutor.execute(HierarchicalTestExecutor.java:57)
	at org.junit.platform.engine.support.hierarchical.HierarchicalTestEngine.execute(HierarchicalTestEngine.java:54)
	at org.junit.platform.launcher.core.EngineExecutionOrchestrator.execute(EngineExecutionOrchestrator.java:198)
	at org.junit.platform.launcher.core.EngineExecutionOrchestrator.execute(EngineExecutionOrchestrator.java:169)
	at org.junit.platform.launcher.core.EngineExecutionOrchestrator.execute(EngineExecutionOrchestrator.java:93)
	at org.junit.platform.launcher.core.EngineExecutionOrchestrator.lambda$execute$0(EngineExecutionOrchestrator.java:58)
	at org.junit.platform.launcher.core.EngineExecutionOrchestrator.withInterceptedStreams(EngineExecutionOrchestrator.java:141)
	at org.junit.platform.launcher.core.EngineExecutionOrchestrator.execute(EngineExecutionOrchestrator.java:57)
	at org.junit.platform.launcher.core.DefaultLauncher.execute(DefaultLauncher.java:103)
	at org.junit.platform.launcher.core.DefaultLauncher.execute(DefaultLauncher.java:85)
	at org.junit.platform.launcher.core.DelegatingLauncher.execute(DelegatingLauncher.java:47)
	at org.gradle.api.internal.tasks.testing.junitplatform.JUnitPlatformTestClassProcessor$CollectAllTestClassesExecutor.processAllTestClasses(JUnitPlatformTestClassProcessor.java:124)
	at org.gradle.api.internal.tasks.testing.junitplatform.JUnitPlatformTestClassProcessor$CollectAllTestClassesExecutor.access$000(JUnitPlatformTestClassProcessor.java:99)
	at org.gradle.api.internal.tasks.testing.junitplatform.JUnitPlatformTestClassProcessor.stop(JUnitPlatformTestClassProcessor.java:94)
	at org.gradle.api.internal.tasks.testing.SuiteTestClassProcessor.stop(SuiteTestClassProcessor.java:63)
	at java.base/jdk.internal.reflect.NativeMethodAccessorImpl.invoke0(Native Method)
	at java.base/jdk.internal.reflect.NativeMethodAccessorImpl.invoke(NativeMethodAccessorImpl.java:77)
	at java.base/jdk.internal.reflect.DelegatingMethodAccessorImpl.invoke(DelegatingMethodAccessorImpl.java:43)
	at java.base/java.lang.reflect.Method.invoke(Method.java:569)
	at org.gradle.internal.dispatch.ReflectionDispatch.dispatch(ReflectionDispatch.java:36)
	at org.gradle.internal.dispatch.ReflectionDispatch.dispatch(ReflectionDispatch.java:24)
	at org.gradle.internal.dispatch.ContextClassLoaderDispatch.dispatch(ContextClassLoaderDispatch.java:33)
	at org.gradle.internal.dispatch.ProxyDispatchAdapter$DispatchingInvocationHandler.invoke(ProxyDispatchAdapter.java:92)
	at jdk.proxy1/jdk.proxy1.$Proxy4.stop(Unknown Source)
	at org.gradle.api.internal.tasks.testing.worker.TestWorker$3.run(TestWorker.java:200)
	at org.gradle.api.internal.tasks.testing.worker.TestWorker.executeAndMaintainThreadName(TestWorker.java:132)
	at org.gradle.api.internal.tasks.testing.worker.TestWorker.execute(TestWorker.java:103)
	at org.gradle.api.internal.tasks.testing.worker.TestWorker.execute(TestWorker.java:63)
	at org.gradle.process.internal.worker.child.ActionExecutionWorker.execute(ActionExecutionWorker.java:56)
	at org.gradle.process.internal.worker.child.SystemApplicationClassLoaderWorker.call(SystemApplicationClassLoaderWorker.java:122)
	at org.gradle.process.internal.worker.child.SystemApplicationClassLoaderWorker.call(SystemApplicationClassLoaderWorker.java:72)
	at worker.org.gradle.process.internal.worker.GradleWorkerMain.run(GradleWorkerMain.java:69)
	at worker.org.gradle.process.internal.worker.GradleWorkerMain.main(GradleWorkerMain.java:74)
Caused by: org.springframework.beans.factory.support.BeanDefinitionOverrideException: Invalid bean definition with name 'jpaAuditingHandler' defined in null: Cannot register bean definition [Root bean: class=org.springframework.data.auditing.AuditingHandler; scope=; abstract=false; lazyInit=null; autowireMode=2; dependencyCheck=0; autowireCandidate=true; primary=false; fallback=false; factoryBeanName=null; factoryMethodName=from; initMethodNames=null; destroyMethodNames=null] for bean 'jpaAuditingHandler' since there is already [Root bean: class=org.springframework.data.auditing.AuditingHandler; scope=; abstract=false; lazyInit=null; autowireMode=2; dependencyCheck=0; autowireCandidate=true; primary=false; fallback=false; factoryBeanName=null; factoryMethodName=from; initMethodNames=null; destroyMethodNames=null] bound.
	at org.springframework.beans.factory.support.DefaultListableBeanFactory.registerBeanDefinition(DefaultListableBeanFactory.java:1151)
	at org.springframework.data.auditing.config.AuditingBeanDefinitionRegistrarSupport.registerAuditHandlerBeanDefinition(AuditingBeanDefinitionRegistrarSupport.java:79)
	at org.springframework.data.auditing.config.AuditingBeanDefinitionRegistrarSupport.registerBeanDefinitions(AuditingBeanDefinitionRegistrarSupport.java:59)
	at org.springframework.data.jpa.repository.config.JpaAuditingRegistrar.registerBeanDefinitions(JpaAuditingRegistrar.java:67)
	at org.springframework.context.annotation.ImportBeanDefinitionRegistrar.registerBeanDefinitions(ImportBeanDefinitionRegistrar.java:86)
	at org.springframework.context.annotation.ConfigurationClassBeanDefinitionReader.lambda$loadBeanDefinitionsFromRegistrars$1(ConfigurationClassBeanDefinitionReader.java:387)
	at java.base/java.util.LinkedHashMap.forEach(LinkedHashMap.java:721)
	at org.springframework.context.annotation.ConfigurationClassBeanDefinitionReader.loadBeanDefinitionsFromRegistrars(ConfigurationClassBeanDefinitionReader.java:386)
	at org.springframework.context.annotation.ConfigurationClassBeanDefinitionReader.loadBeanDefinitionsForConfigurationClass(ConfigurationClassBeanDefinitionReader.java:149)
	at org.springframework.context.annotation.ConfigurationClassBeanDefinitionReader.loadBeanDefinitions(ConfigurationClassBeanDefinitionReader.java:121)
	at org.springframework.context.annotation.ConfigurationClassPostProcessor.processConfigBeanDefinitions(ConfigurationClassPostProcessor.java:430)
	at org.springframework.context.annotation.ConfigurationClassPostProcessor.postProcessBeanDefinitionRegistry(ConfigurationClassPostProcessor.java:290)
	at org.springframework.context.support.PostProcessorRegistrationDelegate.invokeBeanDefinitionRegistryPostProcessors(PostProcessorRegistrationDelegate.java:349)
	at org.springframework.context.support.PostProcessorRegistrationDelegate.invokeBeanFactoryPostProcessors(PostProcessorRegistrationDelegate.java:118)
	at org.springframework.context.support.AbstractApplicationContext.invokeBeanFactoryPostProcessors(AbstractApplicationContext.java:791)
	at org.springframework.context.support.AbstractApplicationContext.refresh(AbstractApplicationContext.java:609)
	at org.springframework.boot.SpringApplication.refresh(SpringApplication.java:752)
	at org.springframework.boot.SpringApplication.refreshContext(SpringApplication.java:439)
	at org.springframework.boot.SpringApplication.run(SpringApplication.java:318)
	at org.springframework.boot.test.context.SpringBootContextLoader.lambda$loadContext$3(SpringBootContextLoader.java:137)
	at org.springframework.util.function.ThrowingSupplier.get(ThrowingSupplier.java:58)
	at org.springframework.util.function.ThrowingSupplier.get(ThrowingSupplier.java:46)
	at org.springframework.boot.SpringApplication.withHook(SpringApplication.java:1461)
	at org.springframework.boot.test.context.SpringBootContextLoader$ContextLoaderHook.run(SpringBootContextLoader.java:553)
	at org.springframework.boot.test.context.SpringBootContextLoader.loadContext(SpringBootContextLoader.java:137)
	at org.springframework.boot.test.context.SpringBootContextLoader.loadContext(SpringBootContextLoader.java:108)
	at org.springframework.test.context.cache.DefaultCacheAwareContextLoaderDelegate.loadContextInternal(DefaultCacheAwareContextLoaderDelegate.java:225)
	at org.springframework.test.context.cache.DefaultCacheAwareContextLoaderDelegate.loadContext(DefaultCacheAwareContextLoaderDelegate.java:152)
	... 89 common frames omitted
26-03-30 17:54:43.896 [background-preinit] INFO  o.h.validator.internal.util.Version - HV000001: Hibernate Validator 8.0.1.Final
26-03-30 17:54:43.912 [Test worker] INFO  c.s.m.d.r.UserRepositoryTest - Starting UserRepositoryTest using Java 17.0.17 with PID 4952 (started by jiho in /Users/jiho/codeit/discodeit)
26-03-30 17:54:43.912 [Test worker] INFO  c.s.m.d.r.UserRepositoryTest - The following 1 profile is active: "test"
26-03-30 17:54:44.061 [Test worker] INFO  o.s.d.r.c.RepositoryConfigurationDelegate - Bootstrapping Spring Data JPA repositories in DEFAULT mode.
26-03-30 17:54:44.088 [Test worker] INFO  o.s.d.r.c.RepositoryConfigurationDelegate - Finished Spring Data repository scanning in 22 ms. Found 6 JPA repository interfaces.
26-03-30 17:54:44.108 [Test worker] INFO  o.s.b.t.a.j.TestDatabaseAutoConfiguration$EmbeddedDataSourceBeanFactoryPostProcessor - Replacing 'dataSource' DataSource bean with embedded version
26-03-30 17:54:44.154 [Test worker] INFO  o.s.j.d.e.EmbeddedDatabaseFactory - Starting embedded database: url='jdbc:h2:mem:424f711a-8809-4f2b-b980-c52c68dcd885;DB_CLOSE_DELAY=-1;DB_CLOSE_ON_EXIT=false', username='sa'
26-03-30 17:54:44.225 [Test worker] WARN  o.s.c.a.AnnotationConfigApplicationContext - Exception encountered during context initialization - cancelling refresh attempt: org.springframework.beans.factory.BeanCreationException: Error creating bean with name 'entityManagerFactory' defined in class path resource [org/springframework/boot/autoconfigure/orm/jpa/HibernateJpaConfiguration.class]: Failed to initialize dependency 'dataSourceScriptDatabaseInitializer' of LoadTimeWeaverAware bean 'entityManagerFactory': Error creating bean with name 'dataSourceScriptDatabaseInitializer' defined in class path resource [org/springframework/boot/autoconfigure/sql/init/DataSourceInitializationConfiguration.class]: Failed to execute SQL script statement #1 of file [/Users/jiho/codeit/discodeit/build/resources/main/schema.sql]: CREATE TABLE IF NOT EXISTS binary_contents ( id UUID PRIMARY KEY, created_at TIMESTAMPTZ NOT NULL, file_name VARCHAR(255) NOT NULL, size BIGINT NOT NULL, content_type VARCHAR(100) NOT NULL )
26-03-30 17:54:44.230 [Test worker] INFO  o.s.b.a.l.ConditionEvaluationReportLogger - 

Error starting ApplicationContext. To display the condition evaluation report re-run your application with 'debug' enabled.
26-03-30 17:54:44.238 [Test worker] ERROR o.s.boot.SpringApplication - Application run failed
org.springframework.beans.factory.BeanCreationException: Error creating bean with name 'entityManagerFactory' defined in class path resource [org/springframework/boot/autoconfigure/orm/jpa/HibernateJpaConfiguration.class]: Failed to initialize dependency 'dataSourceScriptDatabaseInitializer' of LoadTimeWeaverAware bean 'entityManagerFactory': Error creating bean with name 'dataSourceScriptDatabaseInitializer' defined in class path resource [org/springframework/boot/autoconfigure/sql/init/DataSourceInitializationConfiguration.class]: Failed to execute SQL script statement #1 of file [/Users/jiho/codeit/discodeit/build/resources/main/schema.sql]: CREATE TABLE IF NOT EXISTS binary_contents ( id UUID PRIMARY KEY, created_at TIMESTAMPTZ NOT NULL, file_name VARCHAR(255) NOT NULL, size BIGINT NOT NULL, content_type VARCHAR(100) NOT NULL )
	at org.springframework.beans.factory.support.AbstractBeanFactory.doGetBean(AbstractBeanFactory.java:325)
	at org.springframework.beans.factory.support.AbstractBeanFactory.getBean(AbstractBeanFactory.java:204)
	at org.springframework.context.support.AbstractApplicationContext.finishBeanFactoryInitialization(AbstractApplicationContext.java:970)
	at org.springframework.context.support.AbstractApplicationContext.refresh(AbstractApplicationContext.java:627)
	at org.springframework.boot.SpringApplication.refresh(SpringApplication.java:752)
	at org.springframework.boot.SpringApplication.refreshContext(SpringApplication.java:439)
	at org.springframework.boot.SpringApplication.run(SpringApplication.java:318)
	at org.springframework.boot.test.context.SpringBootContextLoader.lambda$loadContext$3(SpringBootContextLoader.java:137)
	at org.springframework.util.function.ThrowingSupplier.get(ThrowingSupplier.java:58)
	at org.springframework.util.function.ThrowingSupplier.get(ThrowingSupplier.java:46)
	at org.springframework.boot.SpringApplication.withHook(SpringApplication.java:1461)
	at org.springframework.boot.test.context.SpringBootContextLoader$ContextLoaderHook.run(SpringBootContextLoader.java:553)
	at org.springframework.boot.test.context.SpringBootContextLoader.loadContext(SpringBootContextLoader.java:137)
	at org.springframework.boot.test.context.SpringBootContextLoader.loadContext(SpringBootContextLoader.java:108)
	at org.springframework.test.context.cache.DefaultCacheAwareContextLoaderDelegate.loadContextInternal(DefaultCacheAwareContextLoaderDelegate.java:225)
	at org.springframework.test.context.cache.DefaultCacheAwareContextLoaderDelegate.loadContext(DefaultCacheAwareContextLoaderDelegate.java:152)
	at org.springframework.test.context.support.DefaultTestContext.getApplicationContext(DefaultTestContext.java:130)
	at org.springframework.test.context.support.DependencyInjectionTestExecutionListener.injectDependencies(DependencyInjectionTestExecutionListener.java:142)
	at org.springframework.test.context.support.DependencyInjectionTestExecutionListener.prepareTestInstance(DependencyInjectionTestExecutionListener.java:98)
	at org.springframework.test.context.TestContextManager.prepareTestInstance(TestContextManager.java:260)
	at org.springframework.test.context.junit.jupiter.SpringExtension.postProcessTestInstance(SpringExtension.java:160)
	at org.junit.jupiter.engine.descriptor.ClassBasedTestDescriptor.lambda$invokeTestInstancePostProcessors$11(ClassBasedTestDescriptor.java:378)
	at org.junit.jupiter.engine.descriptor.ClassBasedTestDescriptor.executeAndMaskThrowable(ClassBasedTestDescriptor.java:383)
	at org.junit.jupiter.engine.descriptor.ClassBasedTestDescriptor.lambda$invokeTestInstancePostProcessors$12(ClassBasedTestDescriptor.java:378)
	at java.base/java.util.stream.ForEachOps$ForEachOp$OfRef.accept(ForEachOps.java:183)
	at java.base/java.util.stream.ReferencePipeline$3$1.accept(ReferencePipeline.java:197)
	at java.base/java.util.stream.ReferencePipeline$2$1.accept(ReferencePipeline.java:179)
	at java.base/java.util.stream.ReferencePipeline$3$1.accept(ReferencePipeline.java:197)
	at java.base/java.util.ArrayList$ArrayListSpliterator.forEachRemaining(ArrayList.java:1625)
	at java.base/java.util.stream.AbstractPipeline.copyInto(AbstractPipeline.java:509)
	at java.base/java.util.stream.AbstractPipeline.wrapAndCopyInto(AbstractPipeline.java:499)
	at java.base/java.util.stream.ForEachOps$ForEachOp.evaluateSequential(ForEachOps.java:150)
	at java.base/java.util.stream.ForEachOps$ForEachOp$OfRef.evaluateSequential(ForEachOps.java:173)
	at java.base/java.util.stream.AbstractPipeline.evaluate(AbstractPipeline.java:234)
	at java.base/java.util.stream.ReferencePipeline.forEach(ReferencePipeline.java:596)
	at org.junit.jupiter.engine.descriptor.ClassBasedTestDescriptor.invokeTestInstancePostProcessors(ClassBasedTestDescriptor.java:377)
	at org.junit.jupiter.engine.descriptor.ClassBasedTestDescriptor.lambda$instantiateAndPostProcessTestInstance$7(ClassBasedTestDescriptor.java:290)
	at org.junit.platform.engine.support.hierarchical.ThrowableCollector.execute(ThrowableCollector.java:73)
	at org.junit.jupiter.engine.descriptor.ClassBasedTestDescriptor.instantiateAndPostProcessTestInstance(ClassBasedTestDescriptor.java:289)
	at org.junit.jupiter.engine.descriptor.ClassBasedTestDescriptor.lambda$testInstancesProvider$5(ClassBasedTestDescriptor.java:279)
	at java.base/java.util.Optional.orElseGet(Optional.java:364)
	at org.junit.jupiter.engine.descriptor.ClassBasedTestDescriptor.lambda$testInstancesProvider$6(ClassBasedTestDescriptor.java:278)
	at org.junit.jupiter.engine.execution.TestInstancesProvider.getTestInstances(TestInstancesProvider.java:31)
	at org.junit.jupiter.engine.descriptor.TestMethodTestDescriptor.lambda$prepare$1(TestMethodTestDescriptor.java:105)
	at org.junit.platform.engine.support.hierarchical.ThrowableCollector.execute(ThrowableCollector.java:73)
	at org.junit.jupiter.engine.descriptor.TestMethodTestDescriptor.prepare(TestMethodTestDescriptor.java:104)
	at org.junit.jupiter.engine.descriptor.TestMethodTestDescriptor.prepare(TestMethodTestDescriptor.java:68)
	at org.junit.platform.engine.support.hierarchical.NodeTestTask.lambda$prepare$2(NodeTestTask.java:128)
	at org.junit.platform.engine.support.hierarchical.ThrowableCollector.execute(ThrowableCollector.java:73)
	at org.junit.platform.engine.support.hierarchical.NodeTestTask.prepare(NodeTestTask.java:128)
	at org.junit.platform.engine.support.hierarchical.NodeTestTask.execute(NodeTestTask.java:95)
	at java.base/java.util.ArrayList.forEach(ArrayList.java:1511)
	at org.junit.platform.engine.support.hierarchical.SameThreadHierarchicalTestExecutorService.invokeAll(SameThreadHierarchicalTestExecutorService.java:41)
	at org.junit.platform.engine.support.hierarchical.NodeTestTask.lambda$executeRecursively$6(NodeTestTask.java:160)
	at org.junit.platform.engine.support.hierarchical.ThrowableCollector.execute(ThrowableCollector.java:73)
	at org.junit.platform.engine.support.hierarchical.NodeTestTask.lambda$executeRecursively$8(NodeTestTask.java:146)
	at org.junit.platform.engine.support.hierarchical.Node.around(Node.java:137)
	at org.junit.platform.engine.support.hierarchical.NodeTestTask.lambda$executeRecursively$9(NodeTestTask.java:144)
	at org.junit.platform.engine.support.hierarchical.ThrowableCollector.execute(ThrowableCollector.java:73)
	at org.junit.platform.engine.support.hierarchical.NodeTestTask.executeRecursively(NodeTestTask.java:143)
	at org.junit.platform.engine.support.hierarchical.NodeTestTask.execute(NodeTestTask.java:100)
	at java.base/java.util.ArrayList.forEach(ArrayList.java:1511)
	at org.junit.platform.engine.support.hierarchical.SameThreadHierarchicalTestExecutorService.invokeAll(SameThreadHierarchicalTestExecutorService.java:41)
	at org.junit.platform.engine.support.hierarchical.NodeTestTask.lambda$executeRecursively$6(NodeTestTask.java:160)
	at org.junit.platform.engine.support.hierarchical.ThrowableCollector.execute(ThrowableCollector.java:73)
	at org.junit.platform.engine.support.hierarchical.NodeTestTask.lambda$executeRecursively$8(NodeTestTask.java:146)
	at org.junit.platform.engine.support.hierarchical.Node.around(Node.java:137)
	at org.junit.platform.engine.support.hierarchical.NodeTestTask.lambda$executeRecursively$9(NodeTestTask.java:144)
	at org.junit.platform.engine.support.hierarchical.ThrowableCollector.execute(ThrowableCollector.java:73)
	at org.junit.platform.engine.support.hierarchical.NodeTestTask.executeRecursively(NodeTestTask.java:143)
	at org.junit.platform.engine.support.hierarchical.NodeTestTask.execute(NodeTestTask.java:100)
	at org.junit.platform.engine.support.hierarchical.SameThreadHierarchicalTestExecutorService.submit(SameThreadHierarchicalTestExecutorService.java:35)
	at org.junit.platform.engine.support.hierarchical.HierarchicalTestExecutor.execute(HierarchicalTestExecutor.java:57)
	at org.junit.platform.engine.support.hierarchical.HierarchicalTestEngine.execute(HierarchicalTestEngine.java:54)
	at org.junit.platform.launcher.core.EngineExecutionOrchestrator.execute(EngineExecutionOrchestrator.java:198)
	at org.junit.platform.launcher.core.EngineExecutionOrchestrator.execute(EngineExecutionOrchestrator.java:169)
	at org.junit.platform.launcher.core.EngineExecutionOrchestrator.execute(EngineExecutionOrchestrator.java:93)
	at org.junit.platform.launcher.core.EngineExecutionOrchestrator.lambda$execute$0(EngineExecutionOrchestrator.java:58)
	at org.junit.platform.launcher.core.EngineExecutionOrchestrator.withInterceptedStreams(EngineExecutionOrchestrator.java:141)
	at org.junit.platform.launcher.core.EngineExecutionOrchestrator.execute(EngineExecutionOrchestrator.java:57)
	at org.junit.platform.launcher.core.DefaultLauncher.execute(DefaultLauncher.java:103)
	at org.junit.platform.launcher.core.DefaultLauncher.execute(DefaultLauncher.java:85)
	at org.junit.platform.launcher.core.DelegatingLauncher.execute(DelegatingLauncher.java:47)
	at org.gradle.api.internal.tasks.testing.junitplatform.JUnitPlatformTestClassProcessor$CollectAllTestClassesExecutor.processAllTestClasses(JUnitPlatformTestClassProcessor.java:124)
	at org.gradle.api.internal.tasks.testing.junitplatform.JUnitPlatformTestClassProcessor$CollectAllTestClassesExecutor.access$000(JUnitPlatformTestClassProcessor.java:99)
	at org.gradle.api.internal.tasks.testing.junitplatform.JUnitPlatformTestClassProcessor.stop(JUnitPlatformTestClassProcessor.java:94)
	at org.gradle.api.internal.tasks.testing.SuiteTestClassProcessor.stop(SuiteTestClassProcessor.java:63)
	at java.base/jdk.internal.reflect.NativeMethodAccessorImpl.invoke0(Native Method)
	at java.base/jdk.internal.reflect.NativeMethodAccessorImpl.invoke(NativeMethodAccessorImpl.java:77)
	at java.base/jdk.internal.reflect.DelegatingMethodAccessorImpl.invoke(DelegatingMethodAccessorImpl.java:43)
	at java.base/java.lang.reflect.Method.invoke(Method.java:569)
	at org.gradle.internal.dispatch.ReflectionDispatch.dispatch(ReflectionDispatch.java:36)
	at org.gradle.internal.dispatch.ReflectionDispatch.dispatch(ReflectionDispatch.java:24)
	at org.gradle.internal.dispatch.ContextClassLoaderDispatch.dispatch(ContextClassLoaderDispatch.java:33)
	at org.gradle.internal.dispatch.ProxyDispatchAdapter$DispatchingInvocationHandler.invoke(ProxyDispatchAdapter.java:92)
	at jdk.proxy1/jdk.proxy1.$Proxy4.stop(Unknown Source)
	at org.gradle.api.internal.tasks.testing.worker.TestWorker$3.run(TestWorker.java:200)
	at org.gradle.api.internal.tasks.testing.worker.TestWorker.executeAndMaintainThreadName(TestWorker.java:132)
	at org.gradle.api.internal.tasks.testing.worker.TestWorker.execute(TestWorker.java:103)
	at org.gradle.api.internal.tasks.testing.worker.TestWorker.execute(TestWorker.java:63)
	at org.gradle.process.internal.worker.child.ActionExecutionWorker.execute(ActionExecutionWorker.java:56)
	at org.gradle.process.internal.worker.child.SystemApplicationClassLoaderWorker.call(SystemApplicationClassLoaderWorker.java:122)
	at org.gradle.process.internal.worker.child.SystemApplicationClassLoaderWorker.call(SystemApplicationClassLoaderWorker.java:72)
	at worker.org.gradle.process.internal.worker.GradleWorkerMain.run(GradleWorkerMain.java:69)
	at worker.org.gradle.process.internal.worker.GradleWorkerMain.main(GradleWorkerMain.java:74)
Caused by: org.springframework.beans.factory.BeanCreationException: Error creating bean with name 'dataSourceScriptDatabaseInitializer' defined in class path resource [org/springframework/boot/autoconfigure/sql/init/DataSourceInitializationConfiguration.class]: Failed to execute SQL script statement #1 of file [/Users/jiho/codeit/discodeit/build/resources/main/schema.sql]: CREATE TABLE IF NOT EXISTS binary_contents ( id UUID PRIMARY KEY, created_at TIMESTAMPTZ NOT NULL, file_name VARCHAR(255) NOT NULL, size BIGINT NOT NULL, content_type VARCHAR(100) NOT NULL )
	at org.springframework.beans.factory.support.AbstractAutowireCapableBeanFactory.initializeBean(AbstractAutowireCapableBeanFactory.java:1802)
	at org.springframework.beans.factory.support.AbstractAutowireCapableBeanFactory.doCreateBean(AbstractAutowireCapableBeanFactory.java:601)
	at org.springframework.beans.factory.support.AbstractAutowireCapableBeanFactory.createBean(AbstractAutowireCapableBeanFactory.java:523)
	at org.springframework.beans.factory.support.AbstractBeanFactory.lambda$doGetBean$0(AbstractBeanFactory.java:336)
	at org.springframework.beans.factory.support.DefaultSingletonBeanRegistry.getSingleton(DefaultSingletonBeanRegistry.java:288)
	at org.springframework.beans.factory.support.AbstractBeanFactory.doGetBean(AbstractBeanFactory.java:334)
	at org.springframework.beans.factory.support.AbstractBeanFactory.getBean(AbstractBeanFactory.java:199)
	at org.springframework.beans.factory.support.AbstractBeanFactory.doGetBean(AbstractBeanFactory.java:312)
	... 104 common frames omitted
Caused by: org.springframework.jdbc.datasource.init.ScriptStatementFailedException: Failed to execute SQL script statement #1 of file [/Users/jiho/codeit/discodeit/build/resources/main/schema.sql]: CREATE TABLE IF NOT EXISTS binary_contents ( id UUID PRIMARY KEY, created_at TIMESTAMPTZ NOT NULL, file_name VARCHAR(255) NOT NULL, size BIGINT NOT NULL, content_type VARCHAR(100) NOT NULL )
	at org.springframework.jdbc.datasource.init.ScriptUtils.executeSqlScript(ScriptUtils.java:282)
	at org.springframework.jdbc.datasource.init.ResourceDatabasePopulator.populate(ResourceDatabasePopulator.java:254)
	at org.springframework.jdbc.datasource.init.DatabasePopulatorUtils.execute(DatabasePopulatorUtils.java:54)
	at org.springframework.boot.jdbc.init.DataSourceScriptDatabaseInitializer.runScripts(DataSourceScriptDatabaseInitializer.java:87)
	at org.springframework.boot.sql.init.AbstractScriptDatabaseInitializer.runScripts(AbstractScriptDatabaseInitializer.java:146)
	at org.springframework.boot.sql.init.AbstractScriptDatabaseInitializer.applyScripts(AbstractScriptDatabaseInitializer.java:108)
	at org.springframework.boot.sql.init.AbstractScriptDatabaseInitializer.applySchemaScripts(AbstractScriptDatabaseInitializer.java:98)
	at org.springframework.boot.sql.init.AbstractScriptDatabaseInitializer.initializeDatabase(AbstractScriptDatabaseInitializer.java:76)
	at org.springframework.boot.sql.init.AbstractScriptDatabaseInitializer.afterPropertiesSet(AbstractScriptDatabaseInitializer.java:66)
	at org.springframework.beans.factory.support.AbstractAutowireCapableBeanFactory.invokeInitMethods(AbstractAutowireCapableBeanFactory.java:1849)
	at org.springframework.beans.factory.support.AbstractAutowireCapableBeanFactory.initializeBean(AbstractAutowireCapableBeanFactory.java:1798)
	... 111 common frames omitted
Caused by: org.h2.jdbc.JdbcSQLNonTransientException: Unknown data type: "TIMESTAMPTZ"; SQL statement:
CREATE TABLE IF NOT EXISTS binary_contents ( id UUID PRIMARY KEY, created_at TIMESTAMPTZ NOT NULL, file_name VARCHAR(255) NOT NULL, size BIGINT NOT NULL, content_type VARCHAR(100) NOT NULL ) [50004-232]
	at org.h2.message.DbException.getJdbcSQLException(DbException.java:566)
	at org.h2.message.DbException.getJdbcSQLException(DbException.java:489)
	at org.h2.message.DbException.get(DbException.java:223)
	at org.h2.message.DbException.get(DbException.java:199)
	at org.h2.command.Parser.readIfDataType1(Parser.java:5860)
	at org.h2.command.Parser.readIfDataType(Parser.java:5698)
	at org.h2.command.Parser.parseColumnWithType(Parser.java:5680)
	at org.h2.command.Parser.parseColumnForTable(Parser.java:5559)
	at org.h2.command.Parser.parseTableColumnDefinition(Parser.java:8876)
	at org.h2.command.Parser.parseCreateTable(Parser.java:8819)
	at org.h2.command.Parser.parseCreate(Parser.java:6398)
	at org.h2.command.Parser.parsePrepared(Parser.java:645)
	at org.h2.command.Parser.parse(Parser.java:581)
	at org.h2.command.Parser.parse(Parser.java:556)
	at org.h2.command.Parser.prepareCommand(Parser.java:484)
	at org.h2.engine.SessionLocal.prepareLocal(SessionLocal.java:645)
	at org.h2.engine.SessionLocal.prepareCommand(SessionLocal.java:561)
	at org.h2.jdbc.JdbcConnection.prepareCommand(JdbcConnection.java:1164)
	at org.h2.jdbc.JdbcStatement.executeInternal(JdbcStatement.java:245)
	at org.h2.jdbc.JdbcStatement.execute(JdbcStatement.java:231)
	at org.springframework.jdbc.datasource.init.ScriptUtils.executeSqlScript(ScriptUtils.java:261)
	... 121 common frames omitted
26-03-30 17:54:44.243 [Test worker] WARN  o.s.test.context.TestContextManager - Caught exception while allowing TestExecutionListener [org.springframework.test.context.support.DependencyInjectionTestExecutionListener] to prepare test instance [com.sprint.mission.discodeit.repository.UserRepositoryTest@17c4dc5b]
java.lang.IllegalStateException: Failed to load ApplicationContext for [MergedContextConfiguration@37d28938 testClass = com.sprint.mission.discodeit.repository.UserRepositoryTest, locations = [], classes = [com.sprint.mission.discodeit.DiscodeitApplication], contextInitializerClasses = [], activeProfiles = ["test"], propertySourceDescriptors = [], propertySourceProperties = ["org.springframework.boot.test.autoconfigure.orm.jpa.DataJpaTestContextBootstrapper=true"], contextCustomizers = [org.springframework.boot.test.autoconfigure.OnFailureConditionReportContextCustomizerFactory$OnFailureConditionReportContextCustomizer@3d9f6567, org.springframework.boot.test.autoconfigure.OverrideAutoConfigurationContextCustomizerFactory$DisableAutoConfigurationContextCustomizer@35e5d0e5, org.springframework.boot.test.autoconfigure.actuate.observability.ObservabilityContextCustomizerFactory$DisableObservabilityContextCustomizer@1f, org.springframework.boot.test.autoconfigure.filter.TypeExcludeFiltersContextCustomizer@34be3d80, org.springframework.boot.test.autoconfigure.properties.PropertyMappingContextCustomizer@c4eecdf4, org.springframework.boot.test.autoconfigure.web.servlet.WebDriverContextCustomizer@68ad99fe, [ImportsContextCustomizer@7d0cd23c key = [org.springframework.boot.autoconfigure.transaction.TransactionAutoConfiguration, org.springframework.boot.autoconfigure.data.jpa.JpaRepositoriesAutoConfiguration, org.springframework.boot.test.autoconfigure.orm.jpa.TestEntityManagerAutoConfiguration, org.springframework.boot.autoconfigure.cache.CacheAutoConfiguration, org.springframework.boot.autoconfigure.orm.jpa.HibernateJpaAutoConfiguration, org.springframework.boot.autoconfigure.sql.init.SqlInitializationAutoConfiguration, org.springframework.boot.test.autoconfigure.jdbc.TestDatabaseAutoConfiguration, org.springframework.boot.autoconfigure.flyway.FlywayAutoConfiguration, com.sprint.mission.discodeit.config.TestJpaAuditingConfig, org.springframework.boot.autoconfigure.jdbc.DataSourceTransactionManagerAutoConfiguration, org.springframework.boot.autoconfigure.liquibase.LiquibaseAutoConfiguration, org.springframework.boot.autoconfigure.jdbc.JdbcClientAutoConfiguration, org.springframework.boot.autoconfigure.jdbc.DataSourceAutoConfiguration, org.springframework.boot.autoconfigure.jdbc.JdbcTemplateAutoConfiguration]], org.springframework.boot.test.context.filter.ExcludeFilterContextCustomizer@45905bff, org.springframework.boot.test.json.DuplicateJsonObjectContextCustomizerFactory$DuplicateJsonObjectContextCustomizer@6b44435b, org.springframework.boot.test.mock.mockito.MockitoContextCustomizer@0, org.springframework.boot.test.web.reactor.netty.DisableReactorResourceFactoryGlobalResourcesContextCustomizerFactory$DisableReactorResourceFactoryGlobalResourcesContextCustomizerCustomizer@4189d70b, org.springframework.test.context.support.DynamicPropertiesContextCustomizer@0, org.springframework.boot.test.context.SpringBootTestAnnotation@d00dad37], contextLoader = org.springframework.boot.test.context.SpringBootContextLoader, parent = null]
	at org.springframework.test.context.cache.DefaultCacheAwareContextLoaderDelegate.loadContext(DefaultCacheAwareContextLoaderDelegate.java:180)
	at org.springframework.test.context.support.DefaultTestContext.getApplicationContext(DefaultTestContext.java:130)
	at org.springframework.test.context.support.DependencyInjectionTestExecutionListener.injectDependencies(DependencyInjectionTestExecutionListener.java:142)
	at org.springframework.test.context.support.DependencyInjectionTestExecutionListener.prepareTestInstance(DependencyInjectionTestExecutionListener.java:98)
	at org.springframework.test.context.TestContextManager.prepareTestInstance(TestContextManager.java:260)
	at org.springframework.test.context.junit.jupiter.SpringExtension.postProcessTestInstance(SpringExtension.java:160)
	at org.junit.jupiter.engine.descriptor.ClassBasedTestDescriptor.lambda$invokeTestInstancePostProcessors$11(ClassBasedTestDescriptor.java:378)
	at org.junit.jupiter.engine.descriptor.ClassBasedTestDescriptor.executeAndMaskThrowable(ClassBasedTestDescriptor.java:383)
	at org.junit.jupiter.engine.descriptor.ClassBasedTestDescriptor.lambda$invokeTestInstancePostProcessors$12(ClassBasedTestDescriptor.java:378)
	at java.base/java.util.stream.ForEachOps$ForEachOp$OfRef.accept(ForEachOps.java:183)
	at java.base/java.util.stream.ReferencePipeline$3$1.accept(ReferencePipeline.java:197)
	at java.base/java.util.stream.ReferencePipeline$2$1.accept(ReferencePipeline.java:179)
	at java.base/java.util.stream.ReferencePipeline$3$1.accept(ReferencePipeline.java:197)
	at java.base/java.util.ArrayList$ArrayListSpliterator.forEachRemaining(ArrayList.java:1625)
	at java.base/java.util.stream.AbstractPipeline.copyInto(AbstractPipeline.java:509)
	at java.base/java.util.stream.AbstractPipeline.wrapAndCopyInto(AbstractPipeline.java:499)
	at java.base/java.util.stream.ForEachOps$ForEachOp.evaluateSequential(ForEachOps.java:150)
	at java.base/java.util.stream.ForEachOps$ForEachOp$OfRef.evaluateSequential(ForEachOps.java:173)
	at java.base/java.util.stream.AbstractPipeline.evaluate(AbstractPipeline.java:234)
	at java.base/java.util.stream.ReferencePipeline.forEach(ReferencePipeline.java:596)
	at org.junit.jupiter.engine.descriptor.ClassBasedTestDescriptor.invokeTestInstancePostProcessors(ClassBasedTestDescriptor.java:377)
	at org.junit.jupiter.engine.descriptor.ClassBasedTestDescriptor.lambda$instantiateAndPostProcessTestInstance$7(ClassBasedTestDescriptor.java:290)
	at org.junit.platform.engine.support.hierarchical.ThrowableCollector.execute(ThrowableCollector.java:73)
	at org.junit.jupiter.engine.descriptor.ClassBasedTestDescriptor.instantiateAndPostProcessTestInstance(ClassBasedTestDescriptor.java:289)
	at org.junit.jupiter.engine.descriptor.ClassBasedTestDescriptor.lambda$testInstancesProvider$5(ClassBasedTestDescriptor.java:279)
	at java.base/java.util.Optional.orElseGet(Optional.java:364)
	at org.junit.jupiter.engine.descriptor.ClassBasedTestDescriptor.lambda$testInstancesProvider$6(ClassBasedTestDescriptor.java:278)
	at org.junit.jupiter.engine.execution.TestInstancesProvider.getTestInstances(TestInstancesProvider.java:31)
	at org.junit.jupiter.engine.descriptor.TestMethodTestDescriptor.lambda$prepare$1(TestMethodTestDescriptor.java:105)
	at org.junit.platform.engine.support.hierarchical.ThrowableCollector.execute(ThrowableCollector.java:73)
	at org.junit.jupiter.engine.descriptor.TestMethodTestDescriptor.prepare(TestMethodTestDescriptor.java:104)
	at org.junit.jupiter.engine.descriptor.TestMethodTestDescriptor.prepare(TestMethodTestDescriptor.java:68)
	at org.junit.platform.engine.support.hierarchical.NodeTestTask.lambda$prepare$2(NodeTestTask.java:128)
	at org.junit.platform.engine.support.hierarchical.ThrowableCollector.execute(ThrowableCollector.java:73)
	at org.junit.platform.engine.support.hierarchical.NodeTestTask.prepare(NodeTestTask.java:128)
	at org.junit.platform.engine.support.hierarchical.NodeTestTask.execute(NodeTestTask.java:95)
	at java.base/java.util.ArrayList.forEach(ArrayList.java:1511)
	at org.junit.platform.engine.support.hierarchical.SameThreadHierarchicalTestExecutorService.invokeAll(SameThreadHierarchicalTestExecutorService.java:41)
	at org.junit.platform.engine.support.hierarchical.NodeTestTask.lambda$executeRecursively$6(NodeTestTask.java:160)
	at org.junit.platform.engine.support.hierarchical.ThrowableCollector.execute(ThrowableCollector.java:73)
	at org.junit.platform.engine.support.hierarchical.NodeTestTask.lambda$executeRecursively$8(NodeTestTask.java:146)
	at org.junit.platform.engine.support.hierarchical.Node.around(Node.java:137)
	at org.junit.platform.engine.support.hierarchical.NodeTestTask.lambda$executeRecursively$9(NodeTestTask.java:144)
	at org.junit.platform.engine.support.hierarchical.ThrowableCollector.execute(ThrowableCollector.java:73)
	at org.junit.platform.engine.support.hierarchical.NodeTestTask.executeRecursively(NodeTestTask.java:143)
	at org.junit.platform.engine.support.hierarchical.NodeTestTask.execute(NodeTestTask.java:100)
	at java.base/java.util.ArrayList.forEach(ArrayList.java:1511)
	at org.junit.platform.engine.support.hierarchical.SameThreadHierarchicalTestExecutorService.invokeAll(SameThreadHierarchicalTestExecutorService.java:41)
	at org.junit.platform.engine.support.hierarchical.NodeTestTask.lambda$executeRecursively$6(NodeTestTask.java:160)
	at org.junit.platform.engine.support.hierarchical.ThrowableCollector.execute(ThrowableCollector.java:73)
	at org.junit.platform.engine.support.hierarchical.NodeTestTask.lambda$executeRecursively$8(NodeTestTask.java:146)
	at org.junit.platform.engine.support.hierarchical.Node.around(Node.java:137)
	at org.junit.platform.engine.support.hierarchical.NodeTestTask.lambda$executeRecursively$9(NodeTestTask.java:144)
	at org.junit.platform.engine.support.hierarchical.ThrowableCollector.execute(ThrowableCollector.java:73)
	at org.junit.platform.engine.support.hierarchical.NodeTestTask.executeRecursively(NodeTestTask.java:143)
	at org.junit.platform.engine.support.hierarchical.NodeTestTask.execute(NodeTestTask.java:100)
	at org.junit.platform.engine.support.hierarchical.SameThreadHierarchicalTestExecutorService.submit(SameThreadHierarchicalTestExecutorService.java:35)
	at org.junit.platform.engine.support.hierarchical.HierarchicalTestExecutor.execute(HierarchicalTestExecutor.java:57)
	at org.junit.platform.engine.support.hierarchical.HierarchicalTestEngine.execute(HierarchicalTestEngine.java:54)
	at org.junit.platform.launcher.core.EngineExecutionOrchestrator.execute(EngineExecutionOrchestrator.java:198)
	at org.junit.platform.launcher.core.EngineExecutionOrchestrator.execute(EngineExecutionOrchestrator.java:169)
	at org.junit.platform.launcher.core.EngineExecutionOrchestrator.execute(EngineExecutionOrchestrator.java:93)
	at org.junit.platform.launcher.core.EngineExecutionOrchestrator.lambda$execute$0(EngineExecutionOrchestrator.java:58)
	at org.junit.platform.launcher.core.EngineExecutionOrchestrator.withInterceptedStreams(EngineExecutionOrchestrator.java:141)
	at org.junit.platform.launcher.core.EngineExecutionOrchestrator.execute(EngineExecutionOrchestrator.java:57)
	at org.junit.platform.launcher.core.DefaultLauncher.execute(DefaultLauncher.java:103)
	at org.junit.platform.launcher.core.DefaultLauncher.execute(DefaultLauncher.java:85)
	at org.junit.platform.launcher.core.DelegatingLauncher.execute(DelegatingLauncher.java:47)
	at org.gradle.api.internal.tasks.testing.junitplatform.JUnitPlatformTestClassProcessor$CollectAllTestClassesExecutor.processAllTestClasses(JUnitPlatformTestClassProcessor.java:124)
	at org.gradle.api.internal.tasks.testing.junitplatform.JUnitPlatformTestClassProcessor$CollectAllTestClassesExecutor.access$000(JUnitPlatformTestClassProcessor.java:99)
	at org.gradle.api.internal.tasks.testing.junitplatform.JUnitPlatformTestClassProcessor.stop(JUnitPlatformTestClassProcessor.java:94)
	at org.gradle.api.internal.tasks.testing.SuiteTestClassProcessor.stop(SuiteTestClassProcessor.java:63)
	at java.base/jdk.internal.reflect.NativeMethodAccessorImpl.invoke0(Native Method)
	at java.base/jdk.internal.reflect.NativeMethodAccessorImpl.invoke(NativeMethodAccessorImpl.java:77)
	at java.base/jdk.internal.reflect.DelegatingMethodAccessorImpl.invoke(DelegatingMethodAccessorImpl.java:43)
	at java.base/java.lang.reflect.Method.invoke(Method.java:569)
	at org.gradle.internal.dispatch.ReflectionDispatch.dispatch(ReflectionDispatch.java:36)
	at org.gradle.internal.dispatch.ReflectionDispatch.dispatch(ReflectionDispatch.java:24)
	at org.gradle.internal.dispatch.ContextClassLoaderDispatch.dispatch(ContextClassLoaderDispatch.java:33)
	at org.gradle.internal.dispatch.ProxyDispatchAdapter$DispatchingInvocationHandler.invoke(ProxyDispatchAdapter.java:92)
	at jdk.proxy1/jdk.proxy1.$Proxy4.stop(Unknown Source)
	at org.gradle.api.internal.tasks.testing.worker.TestWorker$3.run(TestWorker.java:200)
	at org.gradle.api.internal.tasks.testing.worker.TestWorker.executeAndMaintainThreadName(TestWorker.java:132)
	at org.gradle.api.internal.tasks.testing.worker.TestWorker.execute(TestWorker.java:103)
	at org.gradle.api.internal.tasks.testing.worker.TestWorker.execute(TestWorker.java:63)
	at org.gradle.process.internal.worker.child.ActionExecutionWorker.execute(ActionExecutionWorker.java:56)
	at org.gradle.process.internal.worker.child.SystemApplicationClassLoaderWorker.call(SystemApplicationClassLoaderWorker.java:122)
	at org.gradle.process.internal.worker.child.SystemApplicationClassLoaderWorker.call(SystemApplicationClassLoaderWorker.java:72)
	at worker.org.gradle.process.internal.worker.GradleWorkerMain.run(GradleWorkerMain.java:69)
	at worker.org.gradle.process.internal.worker.GradleWorkerMain.main(GradleWorkerMain.java:74)
Caused by: org.springframework.beans.factory.BeanCreationException: Error creating bean with name 'entityManagerFactory' defined in class path resource [org/springframework/boot/autoconfigure/orm/jpa/HibernateJpaConfiguration.class]: Failed to initialize dependency 'dataSourceScriptDatabaseInitializer' of LoadTimeWeaverAware bean 'entityManagerFactory': Error creating bean with name 'dataSourceScriptDatabaseInitializer' defined in class path resource [org/springframework/boot/autoconfigure/sql/init/DataSourceInitializationConfiguration.class]: Failed to execute SQL script statement #1 of file [/Users/jiho/codeit/discodeit/build/resources/main/schema.sql]: CREATE TABLE IF NOT EXISTS binary_contents ( id UUID PRIMARY KEY, created_at TIMESTAMPTZ NOT NULL, file_name VARCHAR(255) NOT NULL, size BIGINT NOT NULL, content_type VARCHAR(100) NOT NULL )
	at org.springframework.beans.factory.support.AbstractBeanFactory.doGetBean(AbstractBeanFactory.java:325)
	at org.springframework.beans.factory.support.AbstractBeanFactory.getBean(AbstractBeanFactory.java:204)
	at org.springframework.context.support.AbstractApplicationContext.finishBeanFactoryInitialization(AbstractApplicationContext.java:970)
	at org.springframework.context.support.AbstractApplicationContext.refresh(AbstractApplicationContext.java:627)
	at org.springframework.boot.SpringApplication.refresh(SpringApplication.java:752)
	at org.springframework.boot.SpringApplication.refreshContext(SpringApplication.java:439)
	at org.springframework.boot.SpringApplication.run(SpringApplication.java:318)
	at org.springframework.boot.test.context.SpringBootContextLoader.lambda$loadContext$3(SpringBootContextLoader.java:137)
	at org.springframework.util.function.ThrowingSupplier.get(ThrowingSupplier.java:58)
	at org.springframework.util.function.ThrowingSupplier.get(ThrowingSupplier.java:46)
	at org.springframework.boot.SpringApplication.withHook(SpringApplication.java:1461)
	at org.springframework.boot.test.context.SpringBootContextLoader$ContextLoaderHook.run(SpringBootContextLoader.java:553)
	at org.springframework.boot.test.context.SpringBootContextLoader.loadContext(SpringBootContextLoader.java:137)
	at org.springframework.boot.test.context.SpringBootContextLoader.loadContext(SpringBootContextLoader.java:108)
	at org.springframework.test.context.cache.DefaultCacheAwareContextLoaderDelegate.loadContextInternal(DefaultCacheAwareContextLoaderDelegate.java:225)
	at org.springframework.test.context.cache.DefaultCacheAwareContextLoaderDelegate.loadContext(DefaultCacheAwareContextLoaderDelegate.java:152)
	... 89 common frames omitted
Caused by: org.springframework.beans.factory.BeanCreationException: Error creating bean with name 'dataSourceScriptDatabaseInitializer' defined in class path resource [org/springframework/boot/autoconfigure/sql/init/DataSourceInitializationConfiguration.class]: Failed to execute SQL script statement #1 of file [/Users/jiho/codeit/discodeit/build/resources/main/schema.sql]: CREATE TABLE IF NOT EXISTS binary_contents ( id UUID PRIMARY KEY, created_at TIMESTAMPTZ NOT NULL, file_name VARCHAR(255) NOT NULL, size BIGINT NOT NULL, content_type VARCHAR(100) NOT NULL )
	at org.springframework.beans.factory.support.AbstractAutowireCapableBeanFactory.initializeBean(AbstractAutowireCapableBeanFactory.java:1802)
	at org.springframework.beans.factory.support.AbstractAutowireCapableBeanFactory.doCreateBean(AbstractAutowireCapableBeanFactory.java:601)
	at org.springframework.beans.factory.support.AbstractAutowireCapableBeanFactory.createBean(AbstractAutowireCapableBeanFactory.java:523)
	at org.springframework.beans.factory.support.AbstractBeanFactory.lambda$doGetBean$0(AbstractBeanFactory.java:336)
	at org.springframework.beans.factory.support.DefaultSingletonBeanRegistry.getSingleton(DefaultSingletonBeanRegistry.java:288)
	at org.springframework.beans.factory.support.AbstractBeanFactory.doGetBean(AbstractBeanFactory.java:334)
	at org.springframework.beans.factory.support.AbstractBeanFactory.getBean(AbstractBeanFactory.java:199)
	at org.springframework.beans.factory.support.AbstractBeanFactory.doGetBean(AbstractBeanFactory.java:312)
	... 104 common frames omitted
Caused by: org.springframework.jdbc.datasource.init.ScriptStatementFailedException: Failed to execute SQL script statement #1 of file [/Users/jiho/codeit/discodeit/build/resources/main/schema.sql]: CREATE TABLE IF NOT EXISTS binary_contents ( id UUID PRIMARY KEY, created_at TIMESTAMPTZ NOT NULL, file_name VARCHAR(255) NOT NULL, size BIGINT NOT NULL, content_type VARCHAR(100) NOT NULL )
	at org.springframework.jdbc.datasource.init.ScriptUtils.executeSqlScript(ScriptUtils.java:282)
	at org.springframework.jdbc.datasource.init.ResourceDatabasePopulator.populate(ResourceDatabasePopulator.java:254)
	at org.springframework.jdbc.datasource.init.DatabasePopulatorUtils.execute(DatabasePopulatorUtils.java:54)
	at org.springframework.boot.jdbc.init.DataSourceScriptDatabaseInitializer.runScripts(DataSourceScriptDatabaseInitializer.java:87)
	at org.springframework.boot.sql.init.AbstractScriptDatabaseInitializer.runScripts(AbstractScriptDatabaseInitializer.java:146)
	at org.springframework.boot.sql.init.AbstractScriptDatabaseInitializer.applyScripts(AbstractScriptDatabaseInitializer.java:108)
	at org.springframework.boot.sql.init.AbstractScriptDatabaseInitializer.applySchemaScripts(AbstractScriptDatabaseInitializer.java:98)
	at org.springframework.boot.sql.init.AbstractScriptDatabaseInitializer.initializeDatabase(AbstractScriptDatabaseInitializer.java:76)
	at org.springframework.boot.sql.init.AbstractScriptDatabaseInitializer.afterPropertiesSet(AbstractScriptDatabaseInitializer.java:66)
	at org.springframework.beans.factory.support.AbstractAutowireCapableBeanFactory.invokeInitMethods(AbstractAutowireCapableBeanFactory.java:1849)
	at org.springframework.beans.factory.support.AbstractAutowireCapableBeanFactory.initializeBean(AbstractAutowireCapableBeanFactory.java:1798)
	... 111 common frames omitted
Caused by: org.h2.jdbc.JdbcSQLNonTransientException: Unknown data type: "TIMESTAMPTZ"; SQL statement:
CREATE TABLE IF NOT EXISTS binary_contents ( id UUID PRIMARY KEY, created_at TIMESTAMPTZ NOT NULL, file_name VARCHAR(255) NOT NULL, size BIGINT NOT NULL, content_type VARCHAR(100) NOT NULL ) [50004-232]
	at org.h2.message.DbException.getJdbcSQLException(DbException.java:566)
	at org.h2.message.DbException.getJdbcSQLException(DbException.java:489)
	at org.h2.message.DbException.get(DbException.java:223)
	at org.h2.message.DbException.get(DbException.java:199)
	at org.h2.command.Parser.readIfDataType1(Parser.java:5860)
	at org.h2.command.Parser.readIfDataType(Parser.java:5698)
	at org.h2.command.Parser.parseColumnWithType(Parser.java:5680)
	at org.h2.command.Parser.parseColumnForTable(Parser.java:5559)
	at org.h2.command.Parser.parseTableColumnDefinition(Parser.java:8876)
	at org.h2.command.Parser.parseCreateTable(Parser.java:8819)
	at org.h2.command.Parser.parseCreate(Parser.java:6398)
	at org.h2.command.Parser.parsePrepared(Parser.java:645)
	at org.h2.command.Parser.parse(Parser.java:581)
	at org.h2.command.Parser.parse(Parser.java:556)
	at org.h2.command.Parser.prepareCommand(Parser.java:484)
	at org.h2.engine.SessionLocal.prepareLocal(SessionLocal.java:645)
	at org.h2.engine.SessionLocal.prepareCommand(SessionLocal.java:561)
	at org.h2.jdbc.JdbcConnection.prepareCommand(JdbcConnection.java:1164)
	at org.h2.jdbc.JdbcStatement.executeInternal(JdbcStatement.java:245)
	at org.h2.jdbc.JdbcStatement.execute(JdbcStatement.java:231)
	at org.springframework.jdbc.datasource.init.ScriptUtils.executeSqlScript(ScriptUtils.java:261)
	... 121 common frames omitted
26-03-30 17:54:52.527 [background-preinit] INFO  o.h.validator.internal.util.Version - HV000001: Hibernate Validator 8.0.1.Final
26-03-30 17:54:52.543 [Test worker] INFO  c.s.m.d.r.UserRepositoryTest - Starting UserRepositoryTest using Java 17.0.17 with PID 4964 (started by jiho in /Users/jiho/codeit/discodeit)
26-03-30 17:54:52.544 [Test worker] INFO  c.s.m.d.r.UserRepositoryTest - The following 1 profile is active: "test"
26-03-30 17:54:52.672 [Test worker] INFO  o.s.d.r.c.RepositoryConfigurationDelegate - Bootstrapping Spring Data JPA repositories in DEFAULT mode.
26-03-30 17:54:52.695 [Test worker] INFO  o.s.d.r.c.RepositoryConfigurationDelegate - Finished Spring Data repository scanning in 20 ms. Found 6 JPA repository interfaces.
26-03-30 17:54:52.712 [Test worker] INFO  o.s.b.t.a.j.TestDatabaseAutoConfiguration$EmbeddedDataSourceBeanFactoryPostProcessor - Replacing 'dataSource' DataSource bean with embedded version
26-03-30 17:54:52.753 [Test worker] INFO  o.s.j.d.e.EmbeddedDatabaseFactory - Starting embedded database: url='jdbc:h2:mem:96d60682-92ba-41ee-bb44-e01c462a53dc;DB_CLOSE_DELAY=-1;DB_CLOSE_ON_EXIT=false', username='sa'
26-03-30 17:54:52.816 [Test worker] WARN  o.s.c.a.AnnotationConfigApplicationContext - Exception encountered during context initialization - cancelling refresh attempt: org.springframework.beans.factory.BeanCreationException: Error creating bean with name 'entityManagerFactory' defined in class path resource [org/springframework/boot/autoconfigure/orm/jpa/HibernateJpaConfiguration.class]: Failed to initialize dependency 'dataSourceScriptDatabaseInitializer' of LoadTimeWeaverAware bean 'entityManagerFactory': Error creating bean with name 'dataSourceScriptDatabaseInitializer' defined in class path resource [org/springframework/boot/autoconfigure/sql/init/DataSourceInitializationConfiguration.class]: Failed to execute SQL script statement #1 of file [/Users/jiho/codeit/discodeit/build/resources/main/schema.sql]: CREATE TABLE IF NOT EXISTS binary_contents ( id UUID PRIMARY KEY, created_at TIMESTAMPTZ NOT NULL, file_name VARCHAR(255) NOT NULL, size BIGINT NOT NULL, content_type VARCHAR(100) NOT NULL )
26-03-30 17:54:52.823 [Test worker] INFO  o.s.b.a.l.ConditionEvaluationReportLogger - 

Error starting ApplicationContext. To display the condition evaluation report re-run your application with 'debug' enabled.
26-03-30 17:54:52.829 [Test worker] ERROR o.s.boot.SpringApplication - Application run failed
org.springframework.beans.factory.BeanCreationException: Error creating bean with name 'entityManagerFactory' defined in class path resource [org/springframework/boot/autoconfigure/orm/jpa/HibernateJpaConfiguration.class]: Failed to initialize dependency 'dataSourceScriptDatabaseInitializer' of LoadTimeWeaverAware bean 'entityManagerFactory': Error creating bean with name 'dataSourceScriptDatabaseInitializer' defined in class path resource [org/springframework/boot/autoconfigure/sql/init/DataSourceInitializationConfiguration.class]: Failed to execute SQL script statement #1 of file [/Users/jiho/codeit/discodeit/build/resources/main/schema.sql]: CREATE TABLE IF NOT EXISTS binary_contents ( id UUID PRIMARY KEY, created_at TIMESTAMPTZ NOT NULL, file_name VARCHAR(255) NOT NULL, size BIGINT NOT NULL, content_type VARCHAR(100) NOT NULL )
	at org.springframework.beans.factory.support.AbstractBeanFactory.doGetBean(AbstractBeanFactory.java:325)
	at org.springframework.beans.factory.support.AbstractBeanFactory.getBean(AbstractBeanFactory.java:204)
	at org.springframework.context.support.AbstractApplicationContext.finishBeanFactoryInitialization(AbstractApplicationContext.java:970)
	at org.springframework.context.support.AbstractApplicationContext.refresh(AbstractApplicationContext.java:627)
	at org.springframework.boot.SpringApplication.refresh(SpringApplication.java:752)
	at org.springframework.boot.SpringApplication.refreshContext(SpringApplication.java:439)
	at org.springframework.boot.SpringApplication.run(SpringApplication.java:318)
	at org.springframework.boot.test.context.SpringBootContextLoader.lambda$loadContext$3(SpringBootContextLoader.java:137)
	at org.springframework.util.function.ThrowingSupplier.get(ThrowingSupplier.java:58)
	at org.springframework.util.function.ThrowingSupplier.get(ThrowingSupplier.java:46)
	at org.springframework.boot.SpringApplication.withHook(SpringApplication.java:1461)
	at org.springframework.boot.test.context.SpringBootContextLoader$ContextLoaderHook.run(SpringBootContextLoader.java:553)
	at org.springframework.boot.test.context.SpringBootContextLoader.loadContext(SpringBootContextLoader.java:137)
	at org.springframework.boot.test.context.SpringBootContextLoader.loadContext(SpringBootContextLoader.java:108)
	at org.springframework.test.context.cache.DefaultCacheAwareContextLoaderDelegate.loadContextInternal(DefaultCacheAwareContextLoaderDelegate.java:225)
	at org.springframework.test.context.cache.DefaultCacheAwareContextLoaderDelegate.loadContext(DefaultCacheAwareContextLoaderDelegate.java:152)
	at org.springframework.test.context.support.DefaultTestContext.getApplicationContext(DefaultTestContext.java:130)
	at org.springframework.test.context.support.DependencyInjectionTestExecutionListener.injectDependencies(DependencyInjectionTestExecutionListener.java:142)
	at org.springframework.test.context.support.DependencyInjectionTestExecutionListener.prepareTestInstance(DependencyInjectionTestExecutionListener.java:98)
	at org.springframework.test.context.TestContextManager.prepareTestInstance(TestContextManager.java:260)
	at org.springframework.test.context.junit.jupiter.SpringExtension.postProcessTestInstance(SpringExtension.java:160)
	at org.junit.jupiter.engine.descriptor.ClassBasedTestDescriptor.lambda$invokeTestInstancePostProcessors$11(ClassBasedTestDescriptor.java:378)
	at org.junit.jupiter.engine.descriptor.ClassBasedTestDescriptor.executeAndMaskThrowable(ClassBasedTestDescriptor.java:383)
	at org.junit.jupiter.engine.descriptor.ClassBasedTestDescriptor.lambda$invokeTestInstancePostProcessors$12(ClassBasedTestDescriptor.java:378)
	at java.base/java.util.stream.ForEachOps$ForEachOp$OfRef.accept(ForEachOps.java:183)
	at java.base/java.util.stream.ReferencePipeline$3$1.accept(ReferencePipeline.java:197)
	at java.base/java.util.stream.ReferencePipeline$2$1.accept(ReferencePipeline.java:179)
	at java.base/java.util.stream.ReferencePipeline$3$1.accept(ReferencePipeline.java:197)
	at java.base/java.util.ArrayList$ArrayListSpliterator.forEachRemaining(ArrayList.java:1625)
	at java.base/java.util.stream.AbstractPipeline.copyInto(AbstractPipeline.java:509)
	at java.base/java.util.stream.AbstractPipeline.wrapAndCopyInto(AbstractPipeline.java:499)
	at java.base/java.util.stream.ForEachOps$ForEachOp.evaluateSequential(ForEachOps.java:150)
	at java.base/java.util.stream.ForEachOps$ForEachOp$OfRef.evaluateSequential(ForEachOps.java:173)
	at java.base/java.util.stream.AbstractPipeline.evaluate(AbstractPipeline.java:234)
	at java.base/java.util.stream.ReferencePipeline.forEach(ReferencePipeline.java:596)
	at org.junit.jupiter.engine.descriptor.ClassBasedTestDescriptor.invokeTestInstancePostProcessors(ClassBasedTestDescriptor.java:377)
	at org.junit.jupiter.engine.descriptor.ClassBasedTestDescriptor.lambda$instantiateAndPostProcessTestInstance$7(ClassBasedTestDescriptor.java:290)
	at org.junit.platform.engine.support.hierarchical.ThrowableCollector.execute(ThrowableCollector.java:73)
	at org.junit.jupiter.engine.descriptor.ClassBasedTestDescriptor.instantiateAndPostProcessTestInstance(ClassBasedTestDescriptor.java:289)
	at org.junit.jupiter.engine.descriptor.ClassBasedTestDescriptor.lambda$testInstancesProvider$5(ClassBasedTestDescriptor.java:279)
	at java.base/java.util.Optional.orElseGet(Optional.java:364)
	at org.junit.jupiter.engine.descriptor.ClassBasedTestDescriptor.lambda$testInstancesProvider$6(ClassBasedTestDescriptor.java:278)
	at org.junit.jupiter.engine.execution.TestInstancesProvider.getTestInstances(TestInstancesProvider.java:31)
	at org.junit.jupiter.engine.descriptor.TestMethodTestDescriptor.lambda$prepare$1(TestMethodTestDescriptor.java:105)
	at org.junit.platform.engine.support.hierarchical.ThrowableCollector.execute(ThrowableCollector.java:73)
	at org.junit.jupiter.engine.descriptor.TestMethodTestDescriptor.prepare(TestMethodTestDescriptor.java:104)
	at org.junit.jupiter.engine.descriptor.TestMethodTestDescriptor.prepare(TestMethodTestDescriptor.java:68)
	at org.junit.platform.engine.support.hierarchical.NodeTestTask.lambda$prepare$2(NodeTestTask.java:128)
	at org.junit.platform.engine.support.hierarchical.ThrowableCollector.execute(ThrowableCollector.java:73)
	at org.junit.platform.engine.support.hierarchical.NodeTestTask.prepare(NodeTestTask.java:128)
	at org.junit.platform.engine.support.hierarchical.NodeTestTask.execute(NodeTestTask.java:95)
	at java.base/java.util.ArrayList.forEach(ArrayList.java:1511)
	at org.junit.platform.engine.support.hierarchical.SameThreadHierarchicalTestExecutorService.invokeAll(SameThreadHierarchicalTestExecutorService.java:41)
	at org.junit.platform.engine.support.hierarchical.NodeTestTask.lambda$executeRecursively$6(NodeTestTask.java:160)
	at org.junit.platform.engine.support.hierarchical.ThrowableCollector.execute(ThrowableCollector.java:73)
	at org.junit.platform.engine.support.hierarchical.NodeTestTask.lambda$executeRecursively$8(NodeTestTask.java:146)
	at org.junit.platform.engine.support.hierarchical.Node.around(Node.java:137)
	at org.junit.platform.engine.support.hierarchical.NodeTestTask.lambda$executeRecursively$9(NodeTestTask.java:144)
	at org.junit.platform.engine.support.hierarchical.ThrowableCollector.execute(ThrowableCollector.java:73)
	at org.junit.platform.engine.support.hierarchical.NodeTestTask.executeRecursively(NodeTestTask.java:143)
	at org.junit.platform.engine.support.hierarchical.NodeTestTask.execute(NodeTestTask.java:100)
	at java.base/java.util.ArrayList.forEach(ArrayList.java:1511)
	at org.junit.platform.engine.support.hierarchical.SameThreadHierarchicalTestExecutorService.invokeAll(SameThreadHierarchicalTestExecutorService.java:41)
	at org.junit.platform.engine.support.hierarchical.NodeTestTask.lambda$executeRecursively$6(NodeTestTask.java:160)
	at org.junit.platform.engine.support.hierarchical.ThrowableCollector.execute(ThrowableCollector.java:73)
	at org.junit.platform.engine.support.hierarchical.NodeTestTask.lambda$executeRecursively$8(NodeTestTask.java:146)
	at org.junit.platform.engine.support.hierarchical.Node.around(Node.java:137)
	at org.junit.platform.engine.support.hierarchical.NodeTestTask.lambda$executeRecursively$9(NodeTestTask.java:144)
	at org.junit.platform.engine.support.hierarchical.ThrowableCollector.execute(ThrowableCollector.java:73)
	at org.junit.platform.engine.support.hierarchical.NodeTestTask.executeRecursively(NodeTestTask.java:143)
	at org.junit.platform.engine.support.hierarchical.NodeTestTask.execute(NodeTestTask.java:100)
	at org.junit.platform.engine.support.hierarchical.SameThreadHierarchicalTestExecutorService.submit(SameThreadHierarchicalTestExecutorService.java:35)
	at org.junit.platform.engine.support.hierarchical.HierarchicalTestExecutor.execute(HierarchicalTestExecutor.java:57)
	at org.junit.platform.engine.support.hierarchical.HierarchicalTestEngine.execute(HierarchicalTestEngine.java:54)
	at org.junit.platform.launcher.core.EngineExecutionOrchestrator.execute(EngineExecutionOrchestrator.java:198)
	at org.junit.platform.launcher.core.EngineExecutionOrchestrator.execute(EngineExecutionOrchestrator.java:169)
	at org.junit.platform.launcher.core.EngineExecutionOrchestrator.execute(EngineExecutionOrchestrator.java:93)
	at org.junit.platform.launcher.core.EngineExecutionOrchestrator.lambda$execute$0(EngineExecutionOrchestrator.java:58)
	at org.junit.platform.launcher.core.EngineExecutionOrchestrator.withInterceptedStreams(EngineExecutionOrchestrator.java:141)
	at org.junit.platform.launcher.core.EngineExecutionOrchestrator.execute(EngineExecutionOrchestrator.java:57)
	at org.junit.platform.launcher.core.DefaultLauncher.execute(DefaultLauncher.java:103)
	at org.junit.platform.launcher.core.DefaultLauncher.execute(DefaultLauncher.java:85)
	at org.junit.platform.launcher.core.DelegatingLauncher.execute(DelegatingLauncher.java:47)
	at org.gradle.api.internal.tasks.testing.junitplatform.JUnitPlatformTestClassProcessor$CollectAllTestClassesExecutor.processAllTestClasses(JUnitPlatformTestClassProcessor.java:124)
	at org.gradle.api.internal.tasks.testing.junitplatform.JUnitPlatformTestClassProcessor$CollectAllTestClassesExecutor.access$000(JUnitPlatformTestClassProcessor.java:99)
	at org.gradle.api.internal.tasks.testing.junitplatform.JUnitPlatformTestClassProcessor.stop(JUnitPlatformTestClassProcessor.java:94)
	at org.gradle.api.internal.tasks.testing.SuiteTestClassProcessor.stop(SuiteTestClassProcessor.java:63)
	at java.base/jdk.internal.reflect.NativeMethodAccessorImpl.invoke0(Native Method)
	at java.base/jdk.internal.reflect.NativeMethodAccessorImpl.invoke(NativeMethodAccessorImpl.java:77)
	at java.base/jdk.internal.reflect.DelegatingMethodAccessorImpl.invoke(DelegatingMethodAccessorImpl.java:43)
	at java.base/java.lang.reflect.Method.invoke(Method.java:569)
	at org.gradle.internal.dispatch.ReflectionDispatch.dispatch(ReflectionDispatch.java:36)
	at org.gradle.internal.dispatch.ReflectionDispatch.dispatch(ReflectionDispatch.java:24)
	at org.gradle.internal.dispatch.ContextClassLoaderDispatch.dispatch(ContextClassLoaderDispatch.java:33)
	at org.gradle.internal.dispatch.ProxyDispatchAdapter$DispatchingInvocationHandler.invoke(ProxyDispatchAdapter.java:92)
	at jdk.proxy1/jdk.proxy1.$Proxy4.stop(Unknown Source)
	at org.gradle.api.internal.tasks.testing.worker.TestWorker$3.run(TestWorker.java:200)
	at org.gradle.api.internal.tasks.testing.worker.TestWorker.executeAndMaintainThreadName(TestWorker.java:132)
	at org.gradle.api.internal.tasks.testing.worker.TestWorker.execute(TestWorker.java:103)
	at org.gradle.api.internal.tasks.testing.worker.TestWorker.execute(TestWorker.java:63)
	at org.gradle.process.internal.worker.child.ActionExecutionWorker.execute(ActionExecutionWorker.java:56)
	at org.gradle.process.internal.worker.child.SystemApplicationClassLoaderWorker.call(SystemApplicationClassLoaderWorker.java:122)
	at org.gradle.process.internal.worker.child.SystemApplicationClassLoaderWorker.call(SystemApplicationClassLoaderWorker.java:72)
	at worker.org.gradle.process.internal.worker.GradleWorkerMain.run(GradleWorkerMain.java:69)
	at worker.org.gradle.process.internal.worker.GradleWorkerMain.main(GradleWorkerMain.java:74)
Caused by: org.springframework.beans.factory.BeanCreationException: Error creating bean with name 'dataSourceScriptDatabaseInitializer' defined in class path resource [org/springframework/boot/autoconfigure/sql/init/DataSourceInitializationConfiguration.class]: Failed to execute SQL script statement #1 of file [/Users/jiho/codeit/discodeit/build/resources/main/schema.sql]: CREATE TABLE IF NOT EXISTS binary_contents ( id UUID PRIMARY KEY, created_at TIMESTAMPTZ NOT NULL, file_name VARCHAR(255) NOT NULL, size BIGINT NOT NULL, content_type VARCHAR(100) NOT NULL )
	at org.springframework.beans.factory.support.AbstractAutowireCapableBeanFactory.initializeBean(AbstractAutowireCapableBeanFactory.java:1802)
	at org.springframework.beans.factory.support.AbstractAutowireCapableBeanFactory.doCreateBean(AbstractAutowireCapableBeanFactory.java:601)
	at org.springframework.beans.factory.support.AbstractAutowireCapableBeanFactory.createBean(AbstractAutowireCapableBeanFactory.java:523)
	at org.springframework.beans.factory.support.AbstractBeanFactory.lambda$doGetBean$0(AbstractBeanFactory.java:336)
	at org.springframework.beans.factory.support.DefaultSingletonBeanRegistry.getSingleton(DefaultSingletonBeanRegistry.java:288)
	at org.springframework.beans.factory.support.AbstractBeanFactory.doGetBean(AbstractBeanFactory.java:334)
	at org.springframework.beans.factory.support.AbstractBeanFactory.getBean(AbstractBeanFactory.java:199)
	at org.springframework.beans.factory.support.AbstractBeanFactory.doGetBean(AbstractBeanFactory.java:312)
	... 104 common frames omitted
Caused by: org.springframework.jdbc.datasource.init.ScriptStatementFailedException: Failed to execute SQL script statement #1 of file [/Users/jiho/codeit/discodeit/build/resources/main/schema.sql]: CREATE TABLE IF NOT EXISTS binary_contents ( id UUID PRIMARY KEY, created_at TIMESTAMPTZ NOT NULL, file_name VARCHAR(255) NOT NULL, size BIGINT NOT NULL, content_type VARCHAR(100) NOT NULL )
	at org.springframework.jdbc.datasource.init.ScriptUtils.executeSqlScript(ScriptUtils.java:282)
	at org.springframework.jdbc.datasource.init.ResourceDatabasePopulator.populate(ResourceDatabasePopulator.java:254)
	at org.springframework.jdbc.datasource.init.DatabasePopulatorUtils.execute(DatabasePopulatorUtils.java:54)
	at org.springframework.boot.jdbc.init.DataSourceScriptDatabaseInitializer.runScripts(DataSourceScriptDatabaseInitializer.java:87)
	at org.springframework.boot.sql.init.AbstractScriptDatabaseInitializer.runScripts(AbstractScriptDatabaseInitializer.java:146)
	at org.springframework.boot.sql.init.AbstractScriptDatabaseInitializer.applyScripts(AbstractScriptDatabaseInitializer.java:108)
	at org.springframework.boot.sql.init.AbstractScriptDatabaseInitializer.applySchemaScripts(AbstractScriptDatabaseInitializer.java:98)
	at org.springframework.boot.sql.init.AbstractScriptDatabaseInitializer.initializeDatabase(AbstractScriptDatabaseInitializer.java:76)
	at org.springframework.boot.sql.init.AbstractScriptDatabaseInitializer.afterPropertiesSet(AbstractScriptDatabaseInitializer.java:66)
	at org.springframework.beans.factory.support.AbstractAutowireCapableBeanFactory.invokeInitMethods(AbstractAutowireCapableBeanFactory.java:1849)
	at org.springframework.beans.factory.support.AbstractAutowireCapableBeanFactory.initializeBean(AbstractAutowireCapableBeanFactory.java:1798)
	... 111 common frames omitted
Caused by: org.h2.jdbc.JdbcSQLNonTransientException: Unknown data type: "TIMESTAMPTZ"; SQL statement:
CREATE TABLE IF NOT EXISTS binary_contents ( id UUID PRIMARY KEY, created_at TIMESTAMPTZ NOT NULL, file_name VARCHAR(255) NOT NULL, size BIGINT NOT NULL, content_type VARCHAR(100) NOT NULL ) [50004-232]
	at org.h2.message.DbException.getJdbcSQLException(DbException.java:566)
	at org.h2.message.DbException.getJdbcSQLException(DbException.java:489)
	at org.h2.message.DbException.get(DbException.java:223)
	at org.h2.message.DbException.get(DbException.java:199)
	at org.h2.command.Parser.readIfDataType1(Parser.java:5860)
	at org.h2.command.Parser.readIfDataType(Parser.java:5698)
	at org.h2.command.Parser.parseColumnWithType(Parser.java:5680)
	at org.h2.command.Parser.parseColumnForTable(Parser.java:5559)
	at org.h2.command.Parser.parseTableColumnDefinition(Parser.java:8876)
	at org.h2.command.Parser.parseCreateTable(Parser.java:8819)
	at org.h2.command.Parser.parseCreate(Parser.java:6398)
	at org.h2.command.Parser.parsePrepared(Parser.java:645)
	at org.h2.command.Parser.parse(Parser.java:581)
	at org.h2.command.Parser.parse(Parser.java:556)
	at org.h2.command.Parser.prepareCommand(Parser.java:484)
	at org.h2.engine.SessionLocal.prepareLocal(SessionLocal.java:645)
	at org.h2.engine.SessionLocal.prepareCommand(SessionLocal.java:561)
	at org.h2.jdbc.JdbcConnection.prepareCommand(JdbcConnection.java:1164)
	at org.h2.jdbc.JdbcStatement.executeInternal(JdbcStatement.java:245)
	at org.h2.jdbc.JdbcStatement.execute(JdbcStatement.java:231)
	at org.springframework.jdbc.datasource.init.ScriptUtils.executeSqlScript(ScriptUtils.java:261)
	... 121 common frames omitted
26-03-30 17:54:52.832 [Test worker] WARN  o.s.test.context.TestContextManager - Caught exception while allowing TestExecutionListener [org.springframework.test.context.support.DependencyInjectionTestExecutionListener] to prepare test instance [com.sprint.mission.discodeit.repository.UserRepositoryTest@17c4dc5b]
java.lang.IllegalStateException: Failed to load ApplicationContext for [MergedContextConfiguration@37d28938 testClass = com.sprint.mission.discodeit.repository.UserRepositoryTest, locations = [], classes = [com.sprint.mission.discodeit.DiscodeitApplication], contextInitializerClasses = [], activeProfiles = ["test"], propertySourceDescriptors = [], propertySourceProperties = ["org.springframework.boot.test.autoconfigure.orm.jpa.DataJpaTestContextBootstrapper=true"], contextCustomizers = [org.springframework.boot.test.autoconfigure.OnFailureConditionReportContextCustomizerFactory$OnFailureConditionReportContextCustomizer@3d9f6567, org.springframework.boot.test.autoconfigure.OverrideAutoConfigurationContextCustomizerFactory$DisableAutoConfigurationContextCustomizer@35e5d0e5, org.springframework.boot.test.autoconfigure.actuate.observability.ObservabilityContextCustomizerFactory$DisableObservabilityContextCustomizer@1f, org.springframework.boot.test.autoconfigure.filter.TypeExcludeFiltersContextCustomizer@34be3d80, org.springframework.boot.test.autoconfigure.properties.PropertyMappingContextCustomizer@c4eecdf4, org.springframework.boot.test.autoconfigure.web.servlet.WebDriverContextCustomizer@68ad99fe, [ImportsContextCustomizer@7d0cd23c key = [org.springframework.boot.autoconfigure.transaction.TransactionAutoConfiguration, org.springframework.boot.autoconfigure.data.jpa.JpaRepositoriesAutoConfiguration, org.springframework.boot.test.autoconfigure.orm.jpa.TestEntityManagerAutoConfiguration, org.springframework.boot.autoconfigure.cache.CacheAutoConfiguration, org.springframework.boot.autoconfigure.orm.jpa.HibernateJpaAutoConfiguration, org.springframework.boot.autoconfigure.sql.init.SqlInitializationAutoConfiguration, org.springframework.boot.test.autoconfigure.jdbc.TestDatabaseAutoConfiguration, org.springframework.boot.autoconfigure.flyway.FlywayAutoConfiguration, com.sprint.mission.discodeit.config.TestJpaAuditingConfig, org.springframework.boot.autoconfigure.jdbc.DataSourceTransactionManagerAutoConfiguration, org.springframework.boot.autoconfigure.liquibase.LiquibaseAutoConfiguration, org.springframework.boot.autoconfigure.jdbc.JdbcClientAutoConfiguration, org.springframework.boot.autoconfigure.jdbc.DataSourceAutoConfiguration, org.springframework.boot.autoconfigure.jdbc.JdbcTemplateAutoConfiguration]], org.springframework.boot.test.context.filter.ExcludeFilterContextCustomizer@45905bff, org.springframework.boot.test.json.DuplicateJsonObjectContextCustomizerFactory$DuplicateJsonObjectContextCustomizer@6b44435b, org.springframework.boot.test.mock.mockito.MockitoContextCustomizer@0, org.springframework.boot.test.web.reactor.netty.DisableReactorResourceFactoryGlobalResourcesContextCustomizerFactory$DisableReactorResourceFactoryGlobalResourcesContextCustomizerCustomizer@4189d70b, org.springframework.test.context.support.DynamicPropertiesContextCustomizer@0, org.springframework.boot.test.context.SpringBootTestAnnotation@d00dad37], contextLoader = org.springframework.boot.test.context.SpringBootContextLoader, parent = null]
	at org.springframework.test.context.cache.DefaultCacheAwareContextLoaderDelegate.loadContext(DefaultCacheAwareContextLoaderDelegate.java:180)
	at org.springframework.test.context.support.DefaultTestContext.getApplicationContext(DefaultTestContext.java:130)
	at org.springframework.test.context.support.DependencyInjectionTestExecutionListener.injectDependencies(DependencyInjectionTestExecutionListener.java:142)
	at org.springframework.test.context.support.DependencyInjectionTestExecutionListener.prepareTestInstance(DependencyInjectionTestExecutionListener.java:98)
	at org.springframework.test.context.TestContextManager.prepareTestInstance(TestContextManager.java:260)
	at org.springframework.test.context.junit.jupiter.SpringExtension.postProcessTestInstance(SpringExtension.java:160)
	at org.junit.jupiter.engine.descriptor.ClassBasedTestDescriptor.lambda$invokeTestInstancePostProcessors$11(ClassBasedTestDescriptor.java:378)
	at org.junit.jupiter.engine.descriptor.ClassBasedTestDescriptor.executeAndMaskThrowable(ClassBasedTestDescriptor.java:383)
	at org.junit.jupiter.engine.descriptor.ClassBasedTestDescriptor.lambda$invokeTestInstancePostProcessors$12(ClassBasedTestDescriptor.java:378)
	at java.base/java.util.stream.ForEachOps$ForEachOp$OfRef.accept(ForEachOps.java:183)
	at java.base/java.util.stream.ReferencePipeline$3$1.accept(ReferencePipeline.java:197)
	at java.base/java.util.stream.ReferencePipeline$2$1.accept(ReferencePipeline.java:179)
	at java.base/java.util.stream.ReferencePipeline$3$1.accept(ReferencePipeline.java:197)
	at java.base/java.util.ArrayList$ArrayListSpliterator.forEachRemaining(ArrayList.java:1625)
	at java.base/java.util.stream.AbstractPipeline.copyInto(AbstractPipeline.java:509)
	at java.base/java.util.stream.AbstractPipeline.wrapAndCopyInto(AbstractPipeline.java:499)
	at java.base/java.util.stream.ForEachOps$ForEachOp.evaluateSequential(ForEachOps.java:150)
	at java.base/java.util.stream.ForEachOps$ForEachOp$OfRef.evaluateSequential(ForEachOps.java:173)
	at java.base/java.util.stream.AbstractPipeline.evaluate(AbstractPipeline.java:234)
	at java.base/java.util.stream.ReferencePipeline.forEach(ReferencePipeline.java:596)
	at org.junit.jupiter.engine.descriptor.ClassBasedTestDescriptor.invokeTestInstancePostProcessors(ClassBasedTestDescriptor.java:377)
	at org.junit.jupiter.engine.descriptor.ClassBasedTestDescriptor.lambda$instantiateAndPostProcessTestInstance$7(ClassBasedTestDescriptor.java:290)
	at org.junit.platform.engine.support.hierarchical.ThrowableCollector.execute(ThrowableCollector.java:73)
	at org.junit.jupiter.engine.descriptor.ClassBasedTestDescriptor.instantiateAndPostProcessTestInstance(ClassBasedTestDescriptor.java:289)
	at org.junit.jupiter.engine.descriptor.ClassBasedTestDescriptor.lambda$testInstancesProvider$5(ClassBasedTestDescriptor.java:279)
	at java.base/java.util.Optional.orElseGet(Optional.java:364)
	at org.junit.jupiter.engine.descriptor.ClassBasedTestDescriptor.lambda$testInstancesProvider$6(ClassBasedTestDescriptor.java:278)
	at org.junit.jupiter.engine.execution.TestInstancesProvider.getTestInstances(TestInstancesProvider.java:31)
	at org.junit.jupiter.engine.descriptor.TestMethodTestDescriptor.lambda$prepare$1(TestMethodTestDescriptor.java:105)
	at org.junit.platform.engine.support.hierarchical.ThrowableCollector.execute(ThrowableCollector.java:73)
	at org.junit.jupiter.engine.descriptor.TestMethodTestDescriptor.prepare(TestMethodTestDescriptor.java:104)
	at org.junit.jupiter.engine.descriptor.TestMethodTestDescriptor.prepare(TestMethodTestDescriptor.java:68)
	at org.junit.platform.engine.support.hierarchical.NodeTestTask.lambda$prepare$2(NodeTestTask.java:128)
	at org.junit.platform.engine.support.hierarchical.ThrowableCollector.execute(ThrowableCollector.java:73)
	at org.junit.platform.engine.support.hierarchical.NodeTestTask.prepare(NodeTestTask.java:128)
	at org.junit.platform.engine.support.hierarchical.NodeTestTask.execute(NodeTestTask.java:95)
	at java.base/java.util.ArrayList.forEach(ArrayList.java:1511)
	at org.junit.platform.engine.support.hierarchical.SameThreadHierarchicalTestExecutorService.invokeAll(SameThreadHierarchicalTestExecutorService.java:41)
	at org.junit.platform.engine.support.hierarchical.NodeTestTask.lambda$executeRecursively$6(NodeTestTask.java:160)
	at org.junit.platform.engine.support.hierarchical.ThrowableCollector.execute(ThrowableCollector.java:73)
	at org.junit.platform.engine.support.hierarchical.NodeTestTask.lambda$executeRecursively$8(NodeTestTask.java:146)
	at org.junit.platform.engine.support.hierarchical.Node.around(Node.java:137)
	at org.junit.platform.engine.support.hierarchical.NodeTestTask.lambda$executeRecursively$9(NodeTestTask.java:144)
	at org.junit.platform.engine.support.hierarchical.ThrowableCollector.execute(ThrowableCollector.java:73)
	at org.junit.platform.engine.support.hierarchical.NodeTestTask.executeRecursively(NodeTestTask.java:143)
	at org.junit.platform.engine.support.hierarchical.NodeTestTask.execute(NodeTestTask.java:100)
	at java.base/java.util.ArrayList.forEach(ArrayList.java:1511)
	at org.junit.platform.engine.support.hierarchical.SameThreadHierarchicalTestExecutorService.invokeAll(SameThreadHierarchicalTestExecutorService.java:41)
	at org.junit.platform.engine.support.hierarchical.NodeTestTask.lambda$executeRecursively$6(NodeTestTask.java:160)
	at org.junit.platform.engine.support.hierarchical.ThrowableCollector.execute(ThrowableCollector.java:73)
	at org.junit.platform.engine.support.hierarchical.NodeTestTask.lambda$executeRecursively$8(NodeTestTask.java:146)
	at org.junit.platform.engine.support.hierarchical.Node.around(Node.java:137)
	at org.junit.platform.engine.support.hierarchical.NodeTestTask.lambda$executeRecursively$9(NodeTestTask.java:144)
	at org.junit.platform.engine.support.hierarchical.ThrowableCollector.execute(ThrowableCollector.java:73)
	at org.junit.platform.engine.support.hierarchical.NodeTestTask.executeRecursively(NodeTestTask.java:143)
	at org.junit.platform.engine.support.hierarchical.NodeTestTask.execute(NodeTestTask.java:100)
	at org.junit.platform.engine.support.hierarchical.SameThreadHierarchicalTestExecutorService.submit(SameThreadHierarchicalTestExecutorService.java:35)
	at org.junit.platform.engine.support.hierarchical.HierarchicalTestExecutor.execute(HierarchicalTestExecutor.java:57)
	at org.junit.platform.engine.support.hierarchical.HierarchicalTestEngine.execute(HierarchicalTestEngine.java:54)
	at org.junit.platform.launcher.core.EngineExecutionOrchestrator.execute(EngineExecutionOrchestrator.java:198)
	at org.junit.platform.launcher.core.EngineExecutionOrchestrator.execute(EngineExecutionOrchestrator.java:169)
	at org.junit.platform.launcher.core.EngineExecutionOrchestrator.execute(EngineExecutionOrchestrator.java:93)
	at org.junit.platform.launcher.core.EngineExecutionOrchestrator.lambda$execute$0(EngineExecutionOrchestrator.java:58)
	at org.junit.platform.launcher.core.EngineExecutionOrchestrator.withInterceptedStreams(EngineExecutionOrchestrator.java:141)
	at org.junit.platform.launcher.core.EngineExecutionOrchestrator.execute(EngineExecutionOrchestrator.java:57)
	at org.junit.platform.launcher.core.DefaultLauncher.execute(DefaultLauncher.java:103)
	at org.junit.platform.launcher.core.DefaultLauncher.execute(DefaultLauncher.java:85)
	at org.junit.platform.launcher.core.DelegatingLauncher.execute(DelegatingLauncher.java:47)
	at org.gradle.api.internal.tasks.testing.junitplatform.JUnitPlatformTestClassProcessor$CollectAllTestClassesExecutor.processAllTestClasses(JUnitPlatformTestClassProcessor.java:124)
	at org.gradle.api.internal.tasks.testing.junitplatform.JUnitPlatformTestClassProcessor$CollectAllTestClassesExecutor.access$000(JUnitPlatformTestClassProcessor.java:99)
	at org.gradle.api.internal.tasks.testing.junitplatform.JUnitPlatformTestClassProcessor.stop(JUnitPlatformTestClassProcessor.java:94)
	at org.gradle.api.internal.tasks.testing.SuiteTestClassProcessor.stop(SuiteTestClassProcessor.java:63)
	at java.base/jdk.internal.reflect.NativeMethodAccessorImpl.invoke0(Native Method)
	at java.base/jdk.internal.reflect.NativeMethodAccessorImpl.invoke(NativeMethodAccessorImpl.java:77)
	at java.base/jdk.internal.reflect.DelegatingMethodAccessorImpl.invoke(DelegatingMethodAccessorImpl.java:43)
	at java.base/java.lang.reflect.Method.invoke(Method.java:569)
	at org.gradle.internal.dispatch.ReflectionDispatch.dispatch(ReflectionDispatch.java:36)
	at org.gradle.internal.dispatch.ReflectionDispatch.dispatch(ReflectionDispatch.java:24)
	at org.gradle.internal.dispatch.ContextClassLoaderDispatch.dispatch(ContextClassLoaderDispatch.java:33)
	at org.gradle.internal.dispatch.ProxyDispatchAdapter$DispatchingInvocationHandler.invoke(ProxyDispatchAdapter.java:92)
	at jdk.proxy1/jdk.proxy1.$Proxy4.stop(Unknown Source)
	at org.gradle.api.internal.tasks.testing.worker.TestWorker$3.run(TestWorker.java:200)
	at org.gradle.api.internal.tasks.testing.worker.TestWorker.executeAndMaintainThreadName(TestWorker.java:132)
	at org.gradle.api.internal.tasks.testing.worker.TestWorker.execute(TestWorker.java:103)
	at org.gradle.api.internal.tasks.testing.worker.TestWorker.execute(TestWorker.java:63)
	at org.gradle.process.internal.worker.child.ActionExecutionWorker.execute(ActionExecutionWorker.java:56)
	at org.gradle.process.internal.worker.child.SystemApplicationClassLoaderWorker.call(SystemApplicationClassLoaderWorker.java:122)
	at org.gradle.process.internal.worker.child.SystemApplicationClassLoaderWorker.call(SystemApplicationClassLoaderWorker.java:72)
	at worker.org.gradle.process.internal.worker.GradleWorkerMain.run(GradleWorkerMain.java:69)
	at worker.org.gradle.process.internal.worker.GradleWorkerMain.main(GradleWorkerMain.java:74)
Caused by: org.springframework.beans.factory.BeanCreationException: Error creating bean with name 'entityManagerFactory' defined in class path resource [org/springframework/boot/autoconfigure/orm/jpa/HibernateJpaConfiguration.class]: Failed to initialize dependency 'dataSourceScriptDatabaseInitializer' of LoadTimeWeaverAware bean 'entityManagerFactory': Error creating bean with name 'dataSourceScriptDatabaseInitializer' defined in class path resource [org/springframework/boot/autoconfigure/sql/init/DataSourceInitializationConfiguration.class]: Failed to execute SQL script statement #1 of file [/Users/jiho/codeit/discodeit/build/resources/main/schema.sql]: CREATE TABLE IF NOT EXISTS binary_contents ( id UUID PRIMARY KEY, created_at TIMESTAMPTZ NOT NULL, file_name VARCHAR(255) NOT NULL, size BIGINT NOT NULL, content_type VARCHAR(100) NOT NULL )
	at org.springframework.beans.factory.support.AbstractBeanFactory.doGetBean(AbstractBeanFactory.java:325)
	at org.springframework.beans.factory.support.AbstractBeanFactory.getBean(AbstractBeanFactory.java:204)
	at org.springframework.context.support.AbstractApplicationContext.finishBeanFactoryInitialization(AbstractApplicationContext.java:970)
	at org.springframework.context.support.AbstractApplicationContext.refresh(AbstractApplicationContext.java:627)
	at org.springframework.boot.SpringApplication.refresh(SpringApplication.java:752)
	at org.springframework.boot.SpringApplication.refreshContext(SpringApplication.java:439)
	at org.springframework.boot.SpringApplication.run(SpringApplication.java:318)
	at org.springframework.boot.test.context.SpringBootContextLoader.lambda$loadContext$3(SpringBootContextLoader.java:137)
	at org.springframework.util.function.ThrowingSupplier.get(ThrowingSupplier.java:58)
	at org.springframework.util.function.ThrowingSupplier.get(ThrowingSupplier.java:46)
	at org.springframework.boot.SpringApplication.withHook(SpringApplication.java:1461)
	at org.springframework.boot.test.context.SpringBootContextLoader$ContextLoaderHook.run(SpringBootContextLoader.java:553)
	at org.springframework.boot.test.context.SpringBootContextLoader.loadContext(SpringBootContextLoader.java:137)
	at org.springframework.boot.test.context.SpringBootContextLoader.loadContext(SpringBootContextLoader.java:108)
	at org.springframework.test.context.cache.DefaultCacheAwareContextLoaderDelegate.loadContextInternal(DefaultCacheAwareContextLoaderDelegate.java:225)
	at org.springframework.test.context.cache.DefaultCacheAwareContextLoaderDelegate.loadContext(DefaultCacheAwareContextLoaderDelegate.java:152)
	... 89 common frames omitted
Caused by: org.springframework.beans.factory.BeanCreationException: Error creating bean with name 'dataSourceScriptDatabaseInitializer' defined in class path resource [org/springframework/boot/autoconfigure/sql/init/DataSourceInitializationConfiguration.class]: Failed to execute SQL script statement #1 of file [/Users/jiho/codeit/discodeit/build/resources/main/schema.sql]: CREATE TABLE IF NOT EXISTS binary_contents ( id UUID PRIMARY KEY, created_at TIMESTAMPTZ NOT NULL, file_name VARCHAR(255) NOT NULL, size BIGINT NOT NULL, content_type VARCHAR(100) NOT NULL )
	at org.springframework.beans.factory.support.AbstractAutowireCapableBeanFactory.initializeBean(AbstractAutowireCapableBeanFactory.java:1802)
	at org.springframework.beans.factory.support.AbstractAutowireCapableBeanFactory.doCreateBean(AbstractAutowireCapableBeanFactory.java:601)
	at org.springframework.beans.factory.support.AbstractAutowireCapableBeanFactory.createBean(AbstractAutowireCapableBeanFactory.java:523)
	at org.springframework.beans.factory.support.AbstractBeanFactory.lambda$doGetBean$0(AbstractBeanFactory.java:336)
	at org.springframework.beans.factory.support.DefaultSingletonBeanRegistry.getSingleton(DefaultSingletonBeanRegistry.java:288)
	at org.springframework.beans.factory.support.AbstractBeanFactory.doGetBean(AbstractBeanFactory.java:334)
	at org.springframework.beans.factory.support.AbstractBeanFactory.getBean(AbstractBeanFactory.java:199)
	at org.springframework.beans.factory.support.AbstractBeanFactory.doGetBean(AbstractBeanFactory.java:312)
	... 104 common frames omitted
Caused by: org.springframework.jdbc.datasource.init.ScriptStatementFailedException: Failed to execute SQL script statement #1 of file [/Users/jiho/codeit/discodeit/build/resources/main/schema.sql]: CREATE TABLE IF NOT EXISTS binary_contents ( id UUID PRIMARY KEY, created_at TIMESTAMPTZ NOT NULL, file_name VARCHAR(255) NOT NULL, size BIGINT NOT NULL, content_type VARCHAR(100) NOT NULL )
	at org.springframework.jdbc.datasource.init.ScriptUtils.executeSqlScript(ScriptUtils.java:282)
	at org.springframework.jdbc.datasource.init.ResourceDatabasePopulator.populate(ResourceDatabasePopulator.java:254)
	at org.springframework.jdbc.datasource.init.DatabasePopulatorUtils.execute(DatabasePopulatorUtils.java:54)
	at org.springframework.boot.jdbc.init.DataSourceScriptDatabaseInitializer.runScripts(DataSourceScriptDatabaseInitializer.java:87)
	at org.springframework.boot.sql.init.AbstractScriptDatabaseInitializer.runScripts(AbstractScriptDatabaseInitializer.java:146)
	at org.springframework.boot.sql.init.AbstractScriptDatabaseInitializer.applyScripts(AbstractScriptDatabaseInitializer.java:108)
	at org.springframework.boot.sql.init.AbstractScriptDatabaseInitializer.applySchemaScripts(AbstractScriptDatabaseInitializer.java:98)
	at org.springframework.boot.sql.init.AbstractScriptDatabaseInitializer.initializeDatabase(AbstractScriptDatabaseInitializer.java:76)
	at org.springframework.boot.sql.init.AbstractScriptDatabaseInitializer.afterPropertiesSet(AbstractScriptDatabaseInitializer.java:66)
	at org.springframework.beans.factory.support.AbstractAutowireCapableBeanFactory.invokeInitMethods(AbstractAutowireCapableBeanFactory.java:1849)
	at org.springframework.beans.factory.support.AbstractAutowireCapableBeanFactory.initializeBean(AbstractAutowireCapableBeanFactory.java:1798)
	... 111 common frames omitted
Caused by: org.h2.jdbc.JdbcSQLNonTransientException: Unknown data type: "TIMESTAMPTZ"; SQL statement:
CREATE TABLE IF NOT EXISTS binary_contents ( id UUID PRIMARY KEY, created_at TIMESTAMPTZ NOT NULL, file_name VARCHAR(255) NOT NULL, size BIGINT NOT NULL, content_type VARCHAR(100) NOT NULL ) [50004-232]
	at org.h2.message.DbException.getJdbcSQLException(DbException.java:566)
	at org.h2.message.DbException.getJdbcSQLException(DbException.java:489)
	at org.h2.message.DbException.get(DbException.java:223)
	at org.h2.message.DbException.get(DbException.java:199)
	at org.h2.command.Parser.readIfDataType1(Parser.java:5860)
	at org.h2.command.Parser.readIfDataType(Parser.java:5698)
	at org.h2.command.Parser.parseColumnWithType(Parser.java:5680)
	at org.h2.command.Parser.parseColumnForTable(Parser.java:5559)
	at org.h2.command.Parser.parseTableColumnDefinition(Parser.java:8876)
	at org.h2.command.Parser.parseCreateTable(Parser.java:8819)
	at org.h2.command.Parser.parseCreate(Parser.java:6398)
	at org.h2.command.Parser.parsePrepared(Parser.java:645)
	at org.h2.command.Parser.parse(Parser.java:581)
	at org.h2.command.Parser.parse(Parser.java:556)
	at org.h2.command.Parser.prepareCommand(Parser.java:484)
	at org.h2.engine.SessionLocal.prepareLocal(SessionLocal.java:645)
	at org.h2.engine.SessionLocal.prepareCommand(SessionLocal.java:561)
	at org.h2.jdbc.JdbcConnection.prepareCommand(JdbcConnection.java:1164)
	at org.h2.jdbc.JdbcStatement.executeInternal(JdbcStatement.java:245)
	at org.h2.jdbc.JdbcStatement.execute(JdbcStatement.java:231)
	at org.springframework.jdbc.datasource.init.ScriptUtils.executeSqlScript(ScriptUtils.java:261)
	... 121 common frames omitted
26-03-30 17:56:53.703 [background-preinit] INFO  o.h.validator.internal.util.Version - HV000001: Hibernate Validator 8.0.1.Final
26-03-30 17:56:53.720 [Test worker] INFO  c.s.m.d.r.UserRepositoryTest - Starting UserRepositoryTest using Java 17.0.17 with PID 4994 (started by jiho in /Users/jiho/codeit/discodeit)
26-03-30 17:56:53.721 [Test worker] INFO  c.s.m.d.r.UserRepositoryTest - The following 1 profile is active: "test"
26-03-30 17:56:53.858 [Test worker] INFO  o.s.d.r.c.RepositoryConfigurationDelegate - Bootstrapping Spring Data JPA repositories in DEFAULT mode.
26-03-30 17:56:53.887 [Test worker] INFO  o.s.d.r.c.RepositoryConfigurationDelegate - Finished Spring Data repository scanning in 24 ms. Found 6 JPA repository interfaces.
26-03-30 17:56:53.906 [Test worker] INFO  o.s.b.t.a.j.TestDatabaseAutoConfiguration$EmbeddedDataSourceBeanFactoryPostProcessor - Replacing 'dataSource' DataSource bean with embedded version
26-03-30 17:56:53.953 [Test worker] INFO  o.s.j.d.e.EmbeddedDatabaseFactory - Starting embedded database: url='jdbc:h2:mem:595bd85f-9114-4ca6-bae1-00559abe0745;DB_CLOSE_DELAY=-1;DB_CLOSE_ON_EXIT=false', username='sa'
26-03-30 17:56:54.031 [Test worker] INFO  o.h.jpa.internal.util.LogHelper - HHH000204: Processing PersistenceUnitInfo [name: default]
26-03-30 17:56:54.053 [Test worker] INFO  org.hibernate.Version - HHH000412: Hibernate ORM core version 6.6.2.Final
26-03-30 17:56:54.065 [Test worker] INFO  o.h.c.i.RegionFactoryInitiator - HHH000026: Second-level cache disabled
26-03-30 17:56:54.156 [Test worker] INFO  o.s.o.j.p.SpringPersistenceUnitInfo - No LoadTimeWeaver setup: ignoring JPA class transformer
26-03-30 17:56:54.189 [Test worker] INFO  o.hibernate.orm.connections.pooling - HHH10001005: Database info:
	Database JDBC URL [Connecting through datasource 'org.springframework.jdbc.datasource.embedded.EmbeddedDatabaseFactory$EmbeddedDataSourceProxy@e49437']
	Database driver: undefined/unknown
	Database version: 2.3.232
	Autocommit mode: undefined/unknown
	Isolation level: undefined/unknown
	Minimum pool size: undefined/unknown
	Maximum pool size: undefined/unknown
26-03-30 17:56:54.520 [Test worker] INFO  o.h.e.t.j.p.i.JtaPlatformInitiator - HHH000489: No JTA platform available (set 'hibernate.transaction.jta.platform' to enable JTA platform integration)
26-03-30 17:56:54.525 [Test worker] DEBUG org.hibernate.SQL - 
    [34mdrop[0m [34mtable[0m [34mif[0m [34mexists[0m binary_contents [34mcascade[0m 
26-03-30 17:56:54.526 [Test worker] DEBUG org.hibernate.SQL - 
    [34mdrop[0m [34mtable[0m [34mif[0m [34mexists[0m channels [34mcascade[0m 
26-03-30 17:56:54.526 [Test worker] DEBUG org.hibernate.SQL - 
    [34mdrop[0m [34mtable[0m [34mif[0m [34mexists[0m message_attachments [34mcascade[0m 
26-03-30 17:56:54.526 [Test worker] DEBUG org.hibernate.SQL - 
    [34mdrop[0m [34mtable[0m [34mif[0m [34mexists[0m messages [34mcascade[0m 
26-03-30 17:56:54.527 [Test worker] DEBUG org.hibernate.SQL - 
    [34mdrop[0m [34mtable[0m [34mif[0m [34mexists[0m read_statuses [34mcascade[0m 
26-03-30 17:56:54.527 [Test worker] DEBUG org.hibernate.SQL - 
    [34mdrop[0m [34mtable[0m [34mif[0m [34mexists[0m user_statuses [34mcascade[0m 
26-03-30 17:56:54.527 [Test worker] DEBUG org.hibernate.SQL - 
    [34mdrop[0m [34mtable[0m [34mif[0m [34mexists[0m users [34mcascade[0m 
26-03-30 17:56:54.529 [Test worker] DEBUG org.hibernate.SQL - 
    [34mcreate[0m [34mtable[0m binary_contents (
        created_at [34mtimestamp[0m(6) [34mwith[0m [34mtime[0m zone [34mnot[0m [34mnull[0m,
        size [34mbigint[0m [34mnot[0m [34mnull[0m,
        id uuid [34mnot[0m [34mnull[0m,
        content_type [34mvarchar[0m(100) [34mnot[0m [34mnull[0m,
        file_name [34mvarchar[0m(255) [34mnot[0m [34mnull[0m,
        [34mprimary[0m [34mkey[0m (id)
    )
26-03-30 17:56:54.532 [Test worker] DEBUG org.hibernate.SQL - 
    [34mcreate[0m [34mtable[0m channels (
        created_at [34mtimestamp[0m(6) [34mwith[0m [34mtime[0m zone [34mnot[0m [34mnull[0m,
        updated_at [34mtimestamp[0m(6) [34mwith[0m [34mtime[0m zone,
        id uuid [34mnot[0m [34mnull[0m,
        name [34mvarchar[0m(100),
        description [34mvarchar[0m(500),
        type enum ([36m'PRIVATE'[0m,[36m'PUBLIC'[0m) [34mnot[0m [34mnull[0m,
        [34mprimary[0m [34mkey[0m (id)
    )
26-03-30 17:56:54.533 [Test worker] DEBUG org.hibernate.SQL - 
    [34mcreate[0m [34mtable[0m message_attachments (
        attachment_id uuid [34mnot[0m [34mnull[0m [34munique[0m,
        message_id uuid [34mnot[0m [34mnull[0m
    )
26-03-30 17:56:54.534 [Test worker] DEBUG org.hibernate.SQL - 
    [34mcreate[0m [34mtable[0m messages (
        created_at [34mtimestamp[0m(6) [34mwith[0m [34mtime[0m zone [34mnot[0m [34mnull[0m,
        updated_at [34mtimestamp[0m(6) [34mwith[0m [34mtime[0m zone,
        author_id uuid,
        channel_id uuid [34mnot[0m [34mnull[0m,
        id uuid [34mnot[0m [34mnull[0m,
        content TEXT,
        [34mprimary[0m [34mkey[0m (id)
    )
26-03-30 17:56:54.534 [Test worker] DEBUG org.hibernate.SQL - 
    [34mcreate[0m [34mtable[0m read_statuses (
        created_at [34mtimestamp[0m(6) [34mwith[0m [34mtime[0m zone [34mnot[0m [34mnull[0m,
        last_read_at [34mtimestamp[0m(6) [34mwith[0m [34mtime[0m zone [34mnot[0m [34mnull[0m,
        updated_at [34mtimestamp[0m(6) [34mwith[0m [34mtime[0m zone,
        channel_id uuid [34mnot[0m [34mnull[0m,
        id uuid [34mnot[0m [34mnull[0m,
        user_id uuid [34mnot[0m [34mnull[0m,
        [34mprimary[0m [34mkey[0m (id),
        [34mconstraint[0m uk_read_statuses_user_channel [34munique[0m (user_id, channel_id)
    )
26-03-30 17:56:54.535 [Test worker] DEBUG org.hibernate.SQL - 
    [34mcreate[0m [34mtable[0m user_statuses (
        created_at [34mtimestamp[0m(6) [34mwith[0m [34mtime[0m zone [34mnot[0m [34mnull[0m,
        last_active_at [34mtimestamp[0m(6) [34mwith[0m [34mtime[0m zone [34mnot[0m [34mnull[0m,
        updated_at [34mtimestamp[0m(6) [34mwith[0m [34mtime[0m zone,
        id uuid [34mnot[0m [34mnull[0m,
        user_id uuid [34mnot[0m [34mnull[0m [34munique[0m,
        [34mprimary[0m [34mkey[0m (id)
    )
26-03-30 17:56:54.536 [Test worker] DEBUG org.hibernate.SQL - 
    [34mcreate[0m [34mtable[0m users (
        created_at [34mtimestamp[0m(6) [34mwith[0m [34mtime[0m zone [34mnot[0m [34mnull[0m,
        updated_at [34mtimestamp[0m(6) [34mwith[0m [34mtime[0m zone,
        id uuid [34mnot[0m [34mnull[0m,
        profile_id uuid [34munique[0m,
        username [34mvarchar[0m(50) [34mnot[0m [34mnull[0m [34munique[0m,
        password [34mvarchar[0m(60) [34mnot[0m [34mnull[0m,
        email [34mvarchar[0m(100) [34mnot[0m [34mnull[0m [34munique[0m,
        [34mprimary[0m [34mkey[0m (id)
    )
26-03-30 17:56:54.538 [Test worker] DEBUG org.hibernate.SQL - 
    [34malter[0m [34mtable[0m [34mif[0m [34mexists[0m message_attachments 
       [34madd[0m [34mconstraint[0m FKsd1m8rb8jcpbcnb7rpdue7ctc 
       [34mforeign[0m [34mkey[0m (attachment_id) 
       [34mreferences[0m binary_contents
26-03-30 17:56:54.543 [Test worker] DEBUG org.hibernate.SQL - 
    [34malter[0m [34mtable[0m [34mif[0m [34mexists[0m message_attachments 
       [34madd[0m [34mconstraint[0m FKj7twd218e2gqw9cmlhwvo1rth 
       [34mforeign[0m [34mkey[0m (message_id) 
       [34mreferences[0m messages
26-03-30 17:56:54.544 [Test worker] DEBUG org.hibernate.SQL - 
    [34malter[0m [34mtable[0m [34mif[0m [34mexists[0m messages 
       [34madd[0m [34mconstraint[0m FKowtlim26svclkatusptbgi7u1 
       [34mforeign[0m [34mkey[0m (author_id) 
       [34mreferences[0m users
26-03-30 17:56:54.544 [Test worker] DEBUG org.hibernate.SQL - 
    [34malter[0m [34mtable[0m [34mif[0m [34mexists[0m messages 
       [34madd[0m [34mconstraint[0m FK3u3ckbhwq9se1cmopk2pq05b2 
       [34mforeign[0m [34mkey[0m (channel_id) 
       [34mreferences[0m channels
26-03-30 17:56:54.545 [Test worker] DEBUG org.hibernate.SQL - 
    [34malter[0m [34mtable[0m [34mif[0m [34mexists[0m read_statuses 
       [34madd[0m [34mconstraint[0m FKa38ri44ml4gfdpklx4ahqr8gd 
       [34mforeign[0m [34mkey[0m (channel_id) 
       [34mreferences[0m channels
26-03-30 17:56:54.546 [Test worker] DEBUG org.hibernate.SQL - 
    [34malter[0m [34mtable[0m [34mif[0m [34mexists[0m read_statuses 
       [34madd[0m [34mconstraint[0m FKml3k4wr9sj5yxrmj6d0aoib2e 
       [34mforeign[0m [34mkey[0m (user_id) 
       [34mreferences[0m users
26-03-30 17:56:54.546 [Test worker] DEBUG org.hibernate.SQL - 
    [34malter[0m [34mtable[0m [34mif[0m [34mexists[0m user_statuses 
       [34madd[0m [34mconstraint[0m FK4lfl3ei2ubchgcxrrpo3pw4mm 
       [34mforeign[0m [34mkey[0m (user_id) 
       [34mreferences[0m users
26-03-30 17:56:54.547 [Test worker] DEBUG org.hibernate.SQL - 
    [34malter[0m [34mtable[0m [34mif[0m [34mexists[0m users 
       [34madd[0m [34mconstraint[0m FKtbudycgrip49xdptogmhfqnso 
       [34mforeign[0m [34mkey[0m (profile_id) 
       [34mreferences[0m binary_contents
26-03-30 17:56:54.549 [Test worker] INFO  o.s.o.j.LocalContainerEntityManagerFactoryBean - Initialized JPA EntityManagerFactory for persistence unit 'default'
26-03-30 17:56:54.637 [Test worker] INFO  o.s.d.j.r.query.QueryEnhancerFactory - Hibernate is in classpath; If applicable, HQL parser will be used.
26-03-30 17:56:54.976 [Test worker] INFO  c.s.m.d.r.UserRepositoryTest - Started UserRepositoryTest in 1.39 seconds (process running for 1.73)
26-03-30 17:56:55.238 [Test worker] DEBUG org.hibernate.SQL - 
    [34minsert[0m 
    [34minto[0m
        users
        (created_at, email, password, profile_id, updated_at, username, id) 
    [34mvalues[0m
        (?, ?, ?, ?, ?, ?, ?)
26-03-30 17:56:55.241 [Test worker] TRACE org.hibernate.orm.jdbc.bind - binding parameter (1:TIMESTAMP_UTC) <- [2026-03-30T08:56:55.210903Z]
26-03-30 17:56:55.243 [Test worker] TRACE org.hibernate.orm.jdbc.bind - binding parameter (2:VARCHAR) <- [test@example.com]
26-03-30 17:56:55.243 [Test worker] TRACE org.hibernate.orm.jdbc.bind - binding parameter (3:VARCHAR) <- [asdf1234]
26-03-30 17:56:55.243 [Test worker] TRACE org.hibernate.orm.jdbc.bind - binding parameter (4:UUID) <- [null]
26-03-30 17:56:55.243 [Test worker] TRACE org.hibernate.orm.jdbc.bind - binding parameter (5:TIMESTAMP_UTC) <- [2026-03-30T08:56:55.210903Z]
26-03-30 17:56:55.243 [Test worker] TRACE org.hibernate.orm.jdbc.bind - binding parameter (6:VARCHAR) <- [tester]
26-03-30 17:56:55.243 [Test worker] TRACE org.hibernate.orm.jdbc.bind - binding parameter (7:UUID) <- [88e5aa31-96be-48f8-ac05-a6556e95acb7]
26-03-30 17:56:55.252 [Test worker] DEBUG org.hibernate.SQL - 
    [34mselect[0m
        u1_0.id,
        u1_0.created_at,
        u1_0.email,
        u1_0.password,
        u1_0.profile_id,
        u1_0.updated_at,
        u1_0.username 
    [34mfrom[0m
        users u1_0 
    [34mwhere[0m
        u1_0.username=?
26-03-30 17:56:55.252 [Test worker] TRACE org.hibernate.orm.jdbc.bind - binding parameter (1:VARCHAR) <- [tester]
26-03-30 17:56:55.290 [SpringApplicationShutdownHook] INFO  o.s.o.j.LocalContainerEntityManagerFactoryBean - Closing JPA EntityManagerFactory for persistence unit 'default'
26-03-30 17:56:55.290 [SpringApplicationShutdownHook] DEBUG org.hibernate.SQL - 
    [34mdrop[0m [34mtable[0m [34mif[0m [34mexists[0m binary_contents [34mcascade[0m 
26-03-30 17:56:55.291 [SpringApplicationShutdownHook] DEBUG org.hibernate.SQL - 
    [34mdrop[0m [34mtable[0m [34mif[0m [34mexists[0m channels [34mcascade[0m 
26-03-30 17:56:55.292 [SpringApplicationShutdownHook] DEBUG org.hibernate.SQL - 
    [34mdrop[0m [34mtable[0m [34mif[0m [34mexists[0m message_attachments [34mcascade[0m 
26-03-30 17:56:55.292 [SpringApplicationShutdownHook] DEBUG org.hibernate.SQL - 
    [34mdrop[0m [34mtable[0m [34mif[0m [34mexists[0m messages [34mcascade[0m 
26-03-30 17:56:55.292 [SpringApplicationShutdownHook] DEBUG org.hibernate.SQL - 
    [34mdrop[0m [34mtable[0m [34mif[0m [34mexists[0m read_statuses [34mcascade[0m 
26-03-30 17:56:55.292 [SpringApplicationShutdownHook] DEBUG org.hibernate.SQL - 
    [34mdrop[0m [34mtable[0m [34mif[0m [34mexists[0m user_statuses [34mcascade[0m 
26-03-30 17:56:55.293 [SpringApplicationShutdownHook] DEBUG org.hibernate.SQL - 
    [34mdrop[0m [34mtable[0m [34mif[0m [34mexists[0m users [34mcascade[0m 
26-03-30 17:58:36.795 [background-preinit] INFO  o.h.validator.internal.util.Version - HV000001: Hibernate Validator 8.0.1.Final
26-03-30 17:58:36.813 [Test worker] INFO  c.s.m.d.r.UserRepositoryTest - Starting UserRepositoryTest using Java 17.0.17 with PID 5012 (started by jiho in /Users/jiho/codeit/discodeit)
26-03-30 17:58:36.813 [Test worker] INFO  c.s.m.d.r.UserRepositoryTest - The following 1 profile is active: "test"
26-03-30 17:58:36.940 [Test worker] INFO  o.s.d.r.c.RepositoryConfigurationDelegate - Bootstrapping Spring Data JPA repositories in DEFAULT mode.
26-03-30 17:58:36.965 [Test worker] INFO  o.s.d.r.c.RepositoryConfigurationDelegate - Finished Spring Data repository scanning in 22 ms. Found 6 JPA repository interfaces.
26-03-30 17:58:36.985 [Test worker] INFO  o.s.b.t.a.j.TestDatabaseAutoConfiguration$EmbeddedDataSourceBeanFactoryPostProcessor - Replacing 'dataSource' DataSource bean with embedded version
26-03-30 17:58:37.033 [Test worker] INFO  o.s.j.d.e.EmbeddedDatabaseFactory - Starting embedded database: url='jdbc:h2:mem:ff18cd76-bea5-4b20-abec-f01d1d03fc5d;DB_CLOSE_DELAY=-1;DB_CLOSE_ON_EXIT=false', username='sa'
26-03-30 17:58:37.110 [Test worker] INFO  o.h.jpa.internal.util.LogHelper - HHH000204: Processing PersistenceUnitInfo [name: default]
26-03-30 17:58:37.126 [Test worker] INFO  org.hibernate.Version - HHH000412: Hibernate ORM core version 6.6.2.Final
26-03-30 17:58:37.136 [Test worker] INFO  o.h.c.i.RegionFactoryInitiator - HHH000026: Second-level cache disabled
26-03-30 17:58:37.218 [Test worker] INFO  o.s.o.j.p.SpringPersistenceUnitInfo - No LoadTimeWeaver setup: ignoring JPA class transformer
26-03-30 17:58:37.247 [Test worker] INFO  o.hibernate.orm.connections.pooling - HHH10001005: Database info:
	Database JDBC URL [Connecting through datasource 'org.springframework.jdbc.datasource.embedded.EmbeddedDatabaseFactory$EmbeddedDataSourceProxy@631944d4']
	Database driver: undefined/unknown
	Database version: 2.3.232
	Autocommit mode: undefined/unknown
	Isolation level: undefined/unknown
	Minimum pool size: undefined/unknown
	Maximum pool size: undefined/unknown
26-03-30 17:58:37.547 [Test worker] INFO  o.h.e.t.j.p.i.JtaPlatformInitiator - HHH000489: No JTA platform available (set 'hibernate.transaction.jta.platform' to enable JTA platform integration)
26-03-30 17:58:37.551 [Test worker] DEBUG org.hibernate.SQL - 
    [34mdrop[0m [34mtable[0m [34mif[0m [34mexists[0m binary_contents [34mcascade[0m 
26-03-30 17:58:37.553 [Test worker] DEBUG org.hibernate.SQL - 
    [34mdrop[0m [34mtable[0m [34mif[0m [34mexists[0m channels [34mcascade[0m 
26-03-30 17:58:37.553 [Test worker] DEBUG org.hibernate.SQL - 
    [34mdrop[0m [34mtable[0m [34mif[0m [34mexists[0m message_attachments [34mcascade[0m 
26-03-30 17:58:37.553 [Test worker] DEBUG org.hibernate.SQL - 
    [34mdrop[0m [34mtable[0m [34mif[0m [34mexists[0m messages [34mcascade[0m 
26-03-30 17:58:37.553 [Test worker] DEBUG org.hibernate.SQL - 
    [34mdrop[0m [34mtable[0m [34mif[0m [34mexists[0m read_statuses [34mcascade[0m 
26-03-30 17:58:37.553 [Test worker] DEBUG org.hibernate.SQL - 
    [34mdrop[0m [34mtable[0m [34mif[0m [34mexists[0m user_statuses [34mcascade[0m 
26-03-30 17:58:37.553 [Test worker] DEBUG org.hibernate.SQL - 
    [34mdrop[0m [34mtable[0m [34mif[0m [34mexists[0m users [34mcascade[0m 
26-03-30 17:58:37.555 [Test worker] DEBUG org.hibernate.SQL - 
    [34mcreate[0m [34mtable[0m binary_contents (
        created_at [34mtimestamp[0m(6) [34mwith[0m [34mtime[0m zone [34mnot[0m [34mnull[0m,
        size [34mbigint[0m [34mnot[0m [34mnull[0m,
        id uuid [34mnot[0m [34mnull[0m,
        content_type [34mvarchar[0m(100) [34mnot[0m [34mnull[0m,
        file_name [34mvarchar[0m(255) [34mnot[0m [34mnull[0m,
        [34mprimary[0m [34mkey[0m (id)
    )
26-03-30 17:58:37.558 [Test worker] DEBUG org.hibernate.SQL - 
    [34mcreate[0m [34mtable[0m channels (
        created_at [34mtimestamp[0m(6) [34mwith[0m [34mtime[0m zone [34mnot[0m [34mnull[0m,
        updated_at [34mtimestamp[0m(6) [34mwith[0m [34mtime[0m zone,
        id uuid [34mnot[0m [34mnull[0m,
        name [34mvarchar[0m(100),
        description [34mvarchar[0m(500),
        type enum ([36m'PRIVATE'[0m,[36m'PUBLIC'[0m) [34mnot[0m [34mnull[0m,
        [34mprimary[0m [34mkey[0m (id)
    )
26-03-30 17:58:37.559 [Test worker] DEBUG org.hibernate.SQL - 
    [34mcreate[0m [34mtable[0m message_attachments (
        attachment_id uuid [34mnot[0m [34mnull[0m [34munique[0m,
        message_id uuid [34mnot[0m [34mnull[0m
    )
26-03-30 17:58:37.559 [Test worker] DEBUG org.hibernate.SQL - 
    [34mcreate[0m [34mtable[0m messages (
        created_at [34mtimestamp[0m(6) [34mwith[0m [34mtime[0m zone [34mnot[0m [34mnull[0m,
        updated_at [34mtimestamp[0m(6) [34mwith[0m [34mtime[0m zone,
        author_id uuid,
        channel_id uuid [34mnot[0m [34mnull[0m,
        id uuid [34mnot[0m [34mnull[0m,
        content TEXT,
        [34mprimary[0m [34mkey[0m (id)
    )
26-03-30 17:58:37.560 [Test worker] DEBUG org.hibernate.SQL - 
    [34mcreate[0m [34mtable[0m read_statuses (
        created_at [34mtimestamp[0m(6) [34mwith[0m [34mtime[0m zone [34mnot[0m [34mnull[0m,
        last_read_at [34mtimestamp[0m(6) [34mwith[0m [34mtime[0m zone [34mnot[0m [34mnull[0m,
        updated_at [34mtimestamp[0m(6) [34mwith[0m [34mtime[0m zone,
        channel_id uuid [34mnot[0m [34mnull[0m,
        id uuid [34mnot[0m [34mnull[0m,
        user_id uuid [34mnot[0m [34mnull[0m,
        [34mprimary[0m [34mkey[0m (id),
        [34mconstraint[0m uk_read_statuses_user_channel [34munique[0m (user_id, channel_id)
    )
26-03-30 17:58:37.561 [Test worker] DEBUG org.hibernate.SQL - 
    [34mcreate[0m [34mtable[0m user_statuses (
        created_at [34mtimestamp[0m(6) [34mwith[0m [34mtime[0m zone [34mnot[0m [34mnull[0m,
        last_active_at [34mtimestamp[0m(6) [34mwith[0m [34mtime[0m zone [34mnot[0m [34mnull[0m,
        updated_at [34mtimestamp[0m(6) [34mwith[0m [34mtime[0m zone,
        id uuid [34mnot[0m [34mnull[0m,
        user_id uuid [34mnot[0m [34mnull[0m [34munique[0m,
        [34mprimary[0m [34mkey[0m (id)
    )
26-03-30 17:58:37.562 [Test worker] DEBUG org.hibernate.SQL - 
    [34mcreate[0m [34mtable[0m users (
        created_at [34mtimestamp[0m(6) [34mwith[0m [34mtime[0m zone [34mnot[0m [34mnull[0m,
        updated_at [34mtimestamp[0m(6) [34mwith[0m [34mtime[0m zone,
        id uuid [34mnot[0m [34mnull[0m,
        profile_id uuid [34munique[0m,
        username [34mvarchar[0m(50) [34mnot[0m [34mnull[0m [34munique[0m,
        password [34mvarchar[0m(60) [34mnot[0m [34mnull[0m,
        email [34mvarchar[0m(100) [34mnot[0m [34mnull[0m [34munique[0m,
        [34mprimary[0m [34mkey[0m (id)
    )
26-03-30 17:58:37.564 [Test worker] DEBUG org.hibernate.SQL - 
    [34malter[0m [34mtable[0m [34mif[0m [34mexists[0m message_attachments 
       [34madd[0m [34mconstraint[0m FKsd1m8rb8jcpbcnb7rpdue7ctc 
       [34mforeign[0m [34mkey[0m (attachment_id) 
       [34mreferences[0m binary_contents
26-03-30 17:58:37.569 [Test worker] DEBUG org.hibernate.SQL - 
    [34malter[0m [34mtable[0m [34mif[0m [34mexists[0m message_attachments 
       [34madd[0m [34mconstraint[0m FKj7twd218e2gqw9cmlhwvo1rth 
       [34mforeign[0m [34mkey[0m (message_id) 
       [34mreferences[0m messages
26-03-30 17:58:37.570 [Test worker] DEBUG org.hibernate.SQL - 
    [34malter[0m [34mtable[0m [34mif[0m [34mexists[0m messages 
       [34madd[0m [34mconstraint[0m FKowtlim26svclkatusptbgi7u1 
       [34mforeign[0m [34mkey[0m (author_id) 
       [34mreferences[0m users
26-03-30 17:58:37.570 [Test worker] DEBUG org.hibernate.SQL - 
    [34malter[0m [34mtable[0m [34mif[0m [34mexists[0m messages 
       [34madd[0m [34mconstraint[0m FK3u3ckbhwq9se1cmopk2pq05b2 
       [34mforeign[0m [34mkey[0m (channel_id) 
       [34mreferences[0m channels
26-03-30 17:58:37.571 [Test worker] DEBUG org.hibernate.SQL - 
    [34malter[0m [34mtable[0m [34mif[0m [34mexists[0m read_statuses 
       [34madd[0m [34mconstraint[0m FKa38ri44ml4gfdpklx4ahqr8gd 
       [34mforeign[0m [34mkey[0m (channel_id) 
       [34mreferences[0m channels
26-03-30 17:58:37.572 [Test worker] DEBUG org.hibernate.SQL - 
    [34malter[0m [34mtable[0m [34mif[0m [34mexists[0m read_statuses 
       [34madd[0m [34mconstraint[0m FKml3k4wr9sj5yxrmj6d0aoib2e 
       [34mforeign[0m [34mkey[0m (user_id) 
       [34mreferences[0m users
26-03-30 17:58:37.573 [Test worker] DEBUG org.hibernate.SQL - 
    [34malter[0m [34mtable[0m [34mif[0m [34mexists[0m user_statuses 
       [34madd[0m [34mconstraint[0m FK4lfl3ei2ubchgcxrrpo3pw4mm 
       [34mforeign[0m [34mkey[0m (user_id) 
       [34mreferences[0m users
26-03-30 17:58:37.573 [Test worker] DEBUG org.hibernate.SQL - 
    [34malter[0m [34mtable[0m [34mif[0m [34mexists[0m users 
       [34madd[0m [34mconstraint[0m FKtbudycgrip49xdptogmhfqnso 
       [34mforeign[0m [34mkey[0m (profile_id) 
       [34mreferences[0m binary_contents
26-03-30 17:58:37.575 [Test worker] INFO  o.s.o.j.LocalContainerEntityManagerFactoryBean - Initialized JPA EntityManagerFactory for persistence unit 'default'
26-03-30 17:58:37.690 [Test worker] INFO  o.s.d.j.r.query.QueryEnhancerFactory - Hibernate is in classpath; If applicable, HQL parser will be used.
26-03-30 17:58:37.936 [Test worker] INFO  c.s.m.d.r.UserRepositoryTest - Started UserRepositoryTest in 1.258 seconds (process running for 1.585)
26-03-30 17:58:38.191 [Test worker] DEBUG org.hibernate.SQL - 
    [34minsert[0m 
    [34minto[0m
        users
        (created_at, email, password, profile_id, updated_at, username, id) 
    [34mvalues[0m
        (?, ?, ?, ?, ?, ?, ?)
26-03-30 17:58:38.193 [Test worker] TRACE org.hibernate.orm.jdbc.bind - binding parameter (1:TIMESTAMP_UTC) <- [2026-03-30T08:58:38.166231Z]
26-03-30 17:58:38.195 [Test worker] TRACE org.hibernate.orm.jdbc.bind - binding parameter (2:VARCHAR) <- [test@example.com]
26-03-30 17:58:38.195 [Test worker] TRACE org.hibernate.orm.jdbc.bind - binding parameter (3:VARCHAR) <- [asdf1234]
26-03-30 17:58:38.195 [Test worker] TRACE org.hibernate.orm.jdbc.bind - binding parameter (4:UUID) <- [null]
26-03-30 17:58:38.195 [Test worker] TRACE org.hibernate.orm.jdbc.bind - binding parameter (5:TIMESTAMP_UTC) <- [2026-03-30T08:58:38.166231Z]
26-03-30 17:58:38.195 [Test worker] TRACE org.hibernate.orm.jdbc.bind - binding parameter (6:VARCHAR) <- [tester]
26-03-30 17:58:38.195 [Test worker] TRACE org.hibernate.orm.jdbc.bind - binding parameter (7:UUID) <- [46724ef6-453f-4c75-96e8-63002f967c8a]
26-03-30 17:58:38.202 [Test worker] DEBUG org.hibernate.SQL - 
    [34mselect[0m
        u1_0.id,
        u1_0.created_at,
        u1_0.email,
        u1_0.password,
        u1_0.profile_id,
        u1_0.updated_at,
        u1_0.username 
    [34mfrom[0m
        users u1_0 
    [34mwhere[0m
        u1_0.username=?
26-03-30 17:58:38.202 [Test worker] TRACE org.hibernate.orm.jdbc.bind - binding parameter (1:VARCHAR) <- [jiho]
26-03-30 17:58:38.237 [SpringApplicationShutdownHook] INFO  o.s.o.j.LocalContainerEntityManagerFactoryBean - Closing JPA EntityManagerFactory for persistence unit 'default'
26-03-30 17:58:38.237 [SpringApplicationShutdownHook] DEBUG org.hibernate.SQL - 
    [34mdrop[0m [34mtable[0m [34mif[0m [34mexists[0m binary_contents [34mcascade[0m 
26-03-30 17:58:38.240 [SpringApplicationShutdownHook] DEBUG org.hibernate.SQL - 
    [34mdrop[0m [34mtable[0m [34mif[0m [34mexists[0m channels [34mcascade[0m 
26-03-30 17:58:38.240 [SpringApplicationShutdownHook] DEBUG org.hibernate.SQL - 
    [34mdrop[0m [34mtable[0m [34mif[0m [34mexists[0m message_attachments [34mcascade[0m 
26-03-30 17:58:38.241 [SpringApplicationShutdownHook] DEBUG org.hibernate.SQL - 
    [34mdrop[0m [34mtable[0m [34mif[0m [34mexists[0m messages [34mcascade[0m 
26-03-30 17:58:38.241 [SpringApplicationShutdownHook] DEBUG org.hibernate.SQL - 
    [34mdrop[0m [34mtable[0m [34mif[0m [34mexists[0m read_statuses [34mcascade[0m 
26-03-30 17:58:38.242 [SpringApplicationShutdownHook] DEBUG org.hibernate.SQL - 
    [34mdrop[0m [34mtable[0m [34mif[0m [34mexists[0m user_statuses [34mcascade[0m 
26-03-30 17:58:38.242 [SpringApplicationShutdownHook] DEBUG org.hibernate.SQL - 
    [34mdrop[0m [34mtable[0m [34mif[0m [34mexists[0m users [34mcascade[0m 
26-03-30 18:00:16.927 [background-preinit] INFO  o.h.validator.internal.util.Version - HV000001: Hibernate Validator 8.0.1.Final
26-03-30 18:00:16.945 [Test worker] INFO  c.s.m.d.r.UserRepositoryTest - Starting UserRepositoryTest using Java 17.0.17 with PID 5035 (started by jiho in /Users/jiho/codeit/discodeit)
26-03-30 18:00:16.945 [Test worker] INFO  c.s.m.d.r.UserRepositoryTest - The following 1 profile is active: "test"
26-03-30 18:00:17.078 [Test worker] INFO  o.s.d.r.c.RepositoryConfigurationDelegate - Bootstrapping Spring Data JPA repositories in DEFAULT mode.
26-03-30 18:00:17.104 [Test worker] INFO  o.s.d.r.c.RepositoryConfigurationDelegate - Finished Spring Data repository scanning in 22 ms. Found 6 JPA repository interfaces.
26-03-30 18:00:17.120 [Test worker] INFO  o.s.b.t.a.j.TestDatabaseAutoConfiguration$EmbeddedDataSourceBeanFactoryPostProcessor - Replacing 'dataSource' DataSource bean with embedded version
26-03-30 18:00:17.166 [Test worker] INFO  o.s.j.d.e.EmbeddedDatabaseFactory - Starting embedded database: url='jdbc:h2:mem:2d573f93-5629-4e5f-9315-a1c1afc73410;DB_CLOSE_DELAY=-1;DB_CLOSE_ON_EXIT=false', username='sa'
26-03-30 18:00:17.247 [Test worker] INFO  o.h.jpa.internal.util.LogHelper - HHH000204: Processing PersistenceUnitInfo [name: default]
26-03-30 18:00:17.266 [Test worker] INFO  org.hibernate.Version - HHH000412: Hibernate ORM core version 6.6.2.Final
26-03-30 18:00:17.277 [Test worker] INFO  o.h.c.i.RegionFactoryInitiator - HHH000026: Second-level cache disabled
26-03-30 18:00:17.360 [Test worker] INFO  o.s.o.j.p.SpringPersistenceUnitInfo - No LoadTimeWeaver setup: ignoring JPA class transformer
26-03-30 18:00:17.386 [Test worker] INFO  o.hibernate.orm.connections.pooling - HHH10001005: Database info:
	Database JDBC URL [Connecting through datasource 'org.springframework.jdbc.datasource.embedded.EmbeddedDatabaseFactory$EmbeddedDataSourceProxy@60ae7cf2']
	Database driver: undefined/unknown
	Database version: 2.3.232
	Autocommit mode: undefined/unknown
	Isolation level: undefined/unknown
	Minimum pool size: undefined/unknown
	Maximum pool size: undefined/unknown
26-03-30 18:00:17.684 [Test worker] INFO  o.h.e.t.j.p.i.JtaPlatformInitiator - HHH000489: No JTA platform available (set 'hibernate.transaction.jta.platform' to enable JTA platform integration)
26-03-30 18:00:17.688 [Test worker] DEBUG org.hibernate.SQL - 
    [34mdrop[0m [34mtable[0m [34mif[0m [34mexists[0m binary_contents [34mcascade[0m 
26-03-30 18:00:17.689 [Test worker] DEBUG org.hibernate.SQL - 
    [34mdrop[0m [34mtable[0m [34mif[0m [34mexists[0m channels [34mcascade[0m 
26-03-30 18:00:17.690 [Test worker] DEBUG org.hibernate.SQL - 
    [34mdrop[0m [34mtable[0m [34mif[0m [34mexists[0m message_attachments [34mcascade[0m 
26-03-30 18:00:17.690 [Test worker] DEBUG org.hibernate.SQL - 
    [34mdrop[0m [34mtable[0m [34mif[0m [34mexists[0m messages [34mcascade[0m 
26-03-30 18:00:17.690 [Test worker] DEBUG org.hibernate.SQL - 
    [34mdrop[0m [34mtable[0m [34mif[0m [34mexists[0m read_statuses [34mcascade[0m 
26-03-30 18:00:17.690 [Test worker] DEBUG org.hibernate.SQL - 
    [34mdrop[0m [34mtable[0m [34mif[0m [34mexists[0m user_statuses [34mcascade[0m 
26-03-30 18:00:17.690 [Test worker] DEBUG org.hibernate.SQL - 
    [34mdrop[0m [34mtable[0m [34mif[0m [34mexists[0m users [34mcascade[0m 
26-03-30 18:00:17.692 [Test worker] DEBUG org.hibernate.SQL - 
    [34mcreate[0m [34mtable[0m binary_contents (
        created_at [34mtimestamp[0m(6) [34mwith[0m [34mtime[0m zone [34mnot[0m [34mnull[0m,
        size [34mbigint[0m [34mnot[0m [34mnull[0m,
        id uuid [34mnot[0m [34mnull[0m,
        content_type [34mvarchar[0m(100) [34mnot[0m [34mnull[0m,
        file_name [34mvarchar[0m(255) [34mnot[0m [34mnull[0m,
        [34mprimary[0m [34mkey[0m (id)
    )
26-03-30 18:00:17.695 [Test worker] DEBUG org.hibernate.SQL - 
    [34mcreate[0m [34mtable[0m channels (
        created_at [34mtimestamp[0m(6) [34mwith[0m [34mtime[0m zone [34mnot[0m [34mnull[0m,
        updated_at [34mtimestamp[0m(6) [34mwith[0m [34mtime[0m zone,
        id uuid [34mnot[0m [34mnull[0m,
        name [34mvarchar[0m(100),
        description [34mvarchar[0m(500),
        type enum ([36m'PRIVATE'[0m,[36m'PUBLIC'[0m) [34mnot[0m [34mnull[0m,
        [34mprimary[0m [34mkey[0m (id)
    )
26-03-30 18:00:17.696 [Test worker] DEBUG org.hibernate.SQL - 
    [34mcreate[0m [34mtable[0m message_attachments (
        attachment_id uuid [34mnot[0m [34mnull[0m [34munique[0m,
        message_id uuid [34mnot[0m [34mnull[0m
    )
26-03-30 18:00:17.696 [Test worker] DEBUG org.hibernate.SQL - 
    [34mcreate[0m [34mtable[0m messages (
        created_at [34mtimestamp[0m(6) [34mwith[0m [34mtime[0m zone [34mnot[0m [34mnull[0m,
        updated_at [34mtimestamp[0m(6) [34mwith[0m [34mtime[0m zone,
        author_id uuid,
        channel_id uuid [34mnot[0m [34mnull[0m,
        id uuid [34mnot[0m [34mnull[0m,
        content TEXT,
        [34mprimary[0m [34mkey[0m (id)
    )
26-03-30 18:00:17.697 [Test worker] DEBUG org.hibernate.SQL - 
    [34mcreate[0m [34mtable[0m read_statuses (
        created_at [34mtimestamp[0m(6) [34mwith[0m [34mtime[0m zone [34mnot[0m [34mnull[0m,
        last_read_at [34mtimestamp[0m(6) [34mwith[0m [34mtime[0m zone [34mnot[0m [34mnull[0m,
        updated_at [34mtimestamp[0m(6) [34mwith[0m [34mtime[0m zone,
        channel_id uuid [34mnot[0m [34mnull[0m,
        id uuid [34mnot[0m [34mnull[0m,
        user_id uuid [34mnot[0m [34mnull[0m,
        [34mprimary[0m [34mkey[0m (id),
        [34mconstraint[0m uk_read_statuses_user_channel [34munique[0m (user_id, channel_id)
    )
26-03-30 18:00:17.698 [Test worker] DEBUG org.hibernate.SQL - 
    [34mcreate[0m [34mtable[0m user_statuses (
        created_at [34mtimestamp[0m(6) [34mwith[0m [34mtime[0m zone [34mnot[0m [34mnull[0m,
        last_active_at [34mtimestamp[0m(6) [34mwith[0m [34mtime[0m zone [34mnot[0m [34mnull[0m,
        updated_at [34mtimestamp[0m(6) [34mwith[0m [34mtime[0m zone,
        id uuid [34mnot[0m [34mnull[0m,
        user_id uuid [34mnot[0m [34mnull[0m [34munique[0m,
        [34mprimary[0m [34mkey[0m (id)
    )
26-03-30 18:00:17.699 [Test worker] DEBUG org.hibernate.SQL - 
    [34mcreate[0m [34mtable[0m users (
        created_at [34mtimestamp[0m(6) [34mwith[0m [34mtime[0m zone [34mnot[0m [34mnull[0m,
        updated_at [34mtimestamp[0m(6) [34mwith[0m [34mtime[0m zone,
        id uuid [34mnot[0m [34mnull[0m,
        profile_id uuid [34munique[0m,
        username [34mvarchar[0m(50) [34mnot[0m [34mnull[0m [34munique[0m,
        password [34mvarchar[0m(60) [34mnot[0m [34mnull[0m,
        email [34mvarchar[0m(100) [34mnot[0m [34mnull[0m [34munique[0m,
        [34mprimary[0m [34mkey[0m (id)
    )
26-03-30 18:00:17.700 [Test worker] DEBUG org.hibernate.SQL - 
    [34malter[0m [34mtable[0m [34mif[0m [34mexists[0m message_attachments 
       [34madd[0m [34mconstraint[0m FKsd1m8rb8jcpbcnb7rpdue7ctc 
       [34mforeign[0m [34mkey[0m (attachment_id) 
       [34mreferences[0m binary_contents
26-03-30 18:00:17.704 [Test worker] DEBUG org.hibernate.SQL - 
    [34malter[0m [34mtable[0m [34mif[0m [34mexists[0m message_attachments 
       [34madd[0m [34mconstraint[0m FKj7twd218e2gqw9cmlhwvo1rth 
       [34mforeign[0m [34mkey[0m (message_id) 
       [34mreferences[0m messages
26-03-30 18:00:17.705 [Test worker] DEBUG org.hibernate.SQL - 
    [34malter[0m [34mtable[0m [34mif[0m [34mexists[0m messages 
       [34madd[0m [34mconstraint[0m FKowtlim26svclkatusptbgi7u1 
       [34mforeign[0m [34mkey[0m (author_id) 
       [34mreferences[0m users
26-03-30 18:00:17.706 [Test worker] DEBUG org.hibernate.SQL - 
    [34malter[0m [34mtable[0m [34mif[0m [34mexists[0m messages 
       [34madd[0m [34mconstraint[0m FK3u3ckbhwq9se1cmopk2pq05b2 
       [34mforeign[0m [34mkey[0m (channel_id) 
       [34mreferences[0m channels
26-03-30 18:00:17.707 [Test worker] DEBUG org.hibernate.SQL - 
    [34malter[0m [34mtable[0m [34mif[0m [34mexists[0m read_statuses 
       [34madd[0m [34mconstraint[0m FKa38ri44ml4gfdpklx4ahqr8gd 
       [34mforeign[0m [34mkey[0m (channel_id) 
       [34mreferences[0m channels
26-03-30 18:00:17.708 [Test worker] DEBUG org.hibernate.SQL - 
    [34malter[0m [34mtable[0m [34mif[0m [34mexists[0m read_statuses 
       [34madd[0m [34mconstraint[0m FKml3k4wr9sj5yxrmj6d0aoib2e 
       [34mforeign[0m [34mkey[0m (user_id) 
       [34mreferences[0m users
26-03-30 18:00:17.708 [Test worker] DEBUG org.hibernate.SQL - 
    [34malter[0m [34mtable[0m [34mif[0m [34mexists[0m user_statuses 
       [34madd[0m [34mconstraint[0m FK4lfl3ei2ubchgcxrrpo3pw4mm 
       [34mforeign[0m [34mkey[0m (user_id) 
       [34mreferences[0m users
26-03-30 18:00:17.709 [Test worker] DEBUG org.hibernate.SQL - 
    [34malter[0m [34mtable[0m [34mif[0m [34mexists[0m users 
       [34madd[0m [34mconstraint[0m FKtbudycgrip49xdptogmhfqnso 
       [34mforeign[0m [34mkey[0m (profile_id) 
       [34mreferences[0m binary_contents
26-03-30 18:00:17.711 [Test worker] INFO  o.s.o.j.LocalContainerEntityManagerFactoryBean - Initialized JPA EntityManagerFactory for persistence unit 'default'
26-03-30 18:00:17.838 [Test worker] INFO  o.s.d.j.r.query.QueryEnhancerFactory - Hibernate is in classpath; If applicable, HQL parser will be used.
26-03-30 18:00:18.061 [Test worker] INFO  c.s.m.d.r.UserRepositoryTest - Started UserRepositoryTest in 1.251 seconds (process running for 1.589)
26-03-30 18:00:18.310 [Test worker] DEBUG org.hibernate.SQL - 
    [34minsert[0m 
    [34minto[0m
        users
        (created_at, email, password, profile_id, updated_at, username, id) 
    [34mvalues[0m
        (?, ?, ?, ?, ?, ?, ?)
26-03-30 18:00:18.312 [Test worker] TRACE org.hibernate.orm.jdbc.bind - binding parameter (1:TIMESTAMP_UTC) <- [2026-03-30T09:00:18.285820Z]
26-03-30 18:00:18.313 [Test worker] TRACE org.hibernate.orm.jdbc.bind - binding parameter (2:VARCHAR) <- [test@example.com]
26-03-30 18:00:18.313 [Test worker] TRACE org.hibernate.orm.jdbc.bind - binding parameter (3:VARCHAR) <- [asdf1234]
26-03-30 18:00:18.313 [Test worker] TRACE org.hibernate.orm.jdbc.bind - binding parameter (4:UUID) <- [null]
26-03-30 18:00:18.314 [Test worker] TRACE org.hibernate.orm.jdbc.bind - binding parameter (5:TIMESTAMP_UTC) <- [2026-03-30T09:00:18.285820Z]
26-03-30 18:00:18.314 [Test worker] TRACE org.hibernate.orm.jdbc.bind - binding parameter (6:VARCHAR) <- [tester]
26-03-30 18:00:18.314 [Test worker] TRACE org.hibernate.orm.jdbc.bind - binding parameter (7:UUID) <- [7649f2c4-2031-487b-b2db-1bee42a2c4b8]
26-03-30 18:00:18.321 [Test worker] DEBUG org.hibernate.SQL - 
    [34mselect[0m
        u1_0.id 
    [34mfrom[0m
        users u1_0 
    [34mwhere[0m
        u1_0.email=? 
    [34mfetch[0m
        first ? [34mrows[0m [34monly[0m
26-03-30 18:00:18.321 [Test worker] TRACE org.hibernate.orm.jdbc.bind - binding parameter (1:VARCHAR) <- [test@example.com]
26-03-30 18:00:18.321 [Test worker] TRACE org.hibernate.orm.jdbc.bind - binding parameter (2:INTEGER) <- [1]
26-03-30 18:00:18.352 [SpringApplicationShutdownHook] INFO  o.s.o.j.LocalContainerEntityManagerFactoryBean - Closing JPA EntityManagerFactory for persistence unit 'default'
26-03-30 18:00:18.353 [SpringApplicationShutdownHook] DEBUG org.hibernate.SQL - 
    [34mdrop[0m [34mtable[0m [34mif[0m [34mexists[0m binary_contents [34mcascade[0m 
26-03-30 18:00:18.354 [SpringApplicationShutdownHook] DEBUG org.hibernate.SQL - 
    [34mdrop[0m [34mtable[0m [34mif[0m [34mexists[0m channels [34mcascade[0m 
26-03-30 18:00:18.354 [SpringApplicationShutdownHook] DEBUG org.hibernate.SQL - 
    [34mdrop[0m [34mtable[0m [34mif[0m [34mexists[0m message_attachments [34mcascade[0m 
26-03-30 18:00:18.354 [SpringApplicationShutdownHook] DEBUG org.hibernate.SQL - 
    [34mdrop[0m [34mtable[0m [34mif[0m [34mexists[0m messages [34mcascade[0m 
26-03-30 18:00:18.355 [SpringApplicationShutdownHook] DEBUG org.hibernate.SQL - 
    [34mdrop[0m [34mtable[0m [34mif[0m [34mexists[0m read_statuses [34mcascade[0m 
26-03-30 18:00:18.355 [SpringApplicationShutdownHook] DEBUG org.hibernate.SQL - 
    [34mdrop[0m [34mtable[0m [34mif[0m [34mexists[0m user_statuses [34mcascade[0m 
26-03-30 18:00:18.355 [SpringApplicationShutdownHook] DEBUG org.hibernate.SQL - 
    [34mdrop[0m [34mtable[0m [34mif[0m [34mexists[0m users [34mcascade[0m 
26-03-30 18:00:24.277 [background-preinit] INFO  o.h.validator.internal.util.Version - HV000001: Hibernate Validator 8.0.1.Final
26-03-30 18:00:24.295 [Test worker] INFO  c.s.m.d.r.UserRepositoryTest - Starting UserRepositoryTest using Java 17.0.17 with PID 5050 (started by jiho in /Users/jiho/codeit/discodeit)
26-03-30 18:00:24.295 [Test worker] INFO  c.s.m.d.r.UserRepositoryTest - The following 1 profile is active: "test"
26-03-30 18:00:24.426 [Test worker] INFO  o.s.d.r.c.RepositoryConfigurationDelegate - Bootstrapping Spring Data JPA repositories in DEFAULT mode.
26-03-30 18:00:24.451 [Test worker] INFO  o.s.d.r.c.RepositoryConfigurationDelegate - Finished Spring Data repository scanning in 22 ms. Found 6 JPA repository interfaces.
26-03-30 18:00:24.467 [Test worker] INFO  o.s.b.t.a.j.TestDatabaseAutoConfiguration$EmbeddedDataSourceBeanFactoryPostProcessor - Replacing 'dataSource' DataSource bean with embedded version
26-03-30 18:00:24.513 [Test worker] INFO  o.s.j.d.e.EmbeddedDatabaseFactory - Starting embedded database: url='jdbc:h2:mem:dd47af72-f265-496c-96b7-08a338368610;DB_CLOSE_DELAY=-1;DB_CLOSE_ON_EXIT=false', username='sa'
26-03-30 18:00:24.591 [Test worker] INFO  o.h.jpa.internal.util.LogHelper - HHH000204: Processing PersistenceUnitInfo [name: default]
26-03-30 18:00:24.606 [Test worker] INFO  org.hibernate.Version - HHH000412: Hibernate ORM core version 6.6.2.Final
26-03-30 18:00:24.615 [Test worker] INFO  o.h.c.i.RegionFactoryInitiator - HHH000026: Second-level cache disabled
26-03-30 18:00:24.692 [Test worker] INFO  o.s.o.j.p.SpringPersistenceUnitInfo - No LoadTimeWeaver setup: ignoring JPA class transformer
26-03-30 18:00:24.718 [Test worker] INFO  o.hibernate.orm.connections.pooling - HHH10001005: Database info:
	Database JDBC URL [Connecting through datasource 'org.springframework.jdbc.datasource.embedded.EmbeddedDatabaseFactory$EmbeddedDataSourceProxy@225e09f0']
	Database driver: undefined/unknown
	Database version: 2.3.232
	Autocommit mode: undefined/unknown
	Isolation level: undefined/unknown
	Minimum pool size: undefined/unknown
	Maximum pool size: undefined/unknown
26-03-30 18:00:25.020 [Test worker] INFO  o.h.e.t.j.p.i.JtaPlatformInitiator - HHH000489: No JTA platform available (set 'hibernate.transaction.jta.platform' to enable JTA platform integration)
26-03-30 18:00:25.024 [Test worker] DEBUG org.hibernate.SQL - 
    [34mdrop[0m [34mtable[0m [34mif[0m [34mexists[0m binary_contents [34mcascade[0m 
26-03-30 18:00:25.026 [Test worker] DEBUG org.hibernate.SQL - 
    [34mdrop[0m [34mtable[0m [34mif[0m [34mexists[0m channels [34mcascade[0m 
26-03-30 18:00:25.026 [Test worker] DEBUG org.hibernate.SQL - 
    [34mdrop[0m [34mtable[0m [34mif[0m [34mexists[0m message_attachments [34mcascade[0m 
26-03-30 18:00:25.026 [Test worker] DEBUG org.hibernate.SQL - 
    [34mdrop[0m [34mtable[0m [34mif[0m [34mexists[0m messages [34mcascade[0m 
26-03-30 18:00:25.026 [Test worker] DEBUG org.hibernate.SQL - 
    [34mdrop[0m [34mtable[0m [34mif[0m [34mexists[0m read_statuses [34mcascade[0m 
26-03-30 18:00:25.026 [Test worker] DEBUG org.hibernate.SQL - 
    [34mdrop[0m [34mtable[0m [34mif[0m [34mexists[0m user_statuses [34mcascade[0m 
26-03-30 18:00:25.027 [Test worker] DEBUG org.hibernate.SQL - 
    [34mdrop[0m [34mtable[0m [34mif[0m [34mexists[0m users [34mcascade[0m 
26-03-30 18:00:25.028 [Test worker] DEBUG org.hibernate.SQL - 
    [34mcreate[0m [34mtable[0m binary_contents (
        created_at [34mtimestamp[0m(6) [34mwith[0m [34mtime[0m zone [34mnot[0m [34mnull[0m,
        size [34mbigint[0m [34mnot[0m [34mnull[0m,
        id uuid [34mnot[0m [34mnull[0m,
        content_type [34mvarchar[0m(100) [34mnot[0m [34mnull[0m,
        file_name [34mvarchar[0m(255) [34mnot[0m [34mnull[0m,
        [34mprimary[0m [34mkey[0m (id)
    )
26-03-30 18:00:25.031 [Test worker] DEBUG org.hibernate.SQL - 
    [34mcreate[0m [34mtable[0m channels (
        created_at [34mtimestamp[0m(6) [34mwith[0m [34mtime[0m zone [34mnot[0m [34mnull[0m,
        updated_at [34mtimestamp[0m(6) [34mwith[0m [34mtime[0m zone,
        id uuid [34mnot[0m [34mnull[0m,
        name [34mvarchar[0m(100),
        description [34mvarchar[0m(500),
        type enum ([36m'PRIVATE'[0m,[36m'PUBLIC'[0m) [34mnot[0m [34mnull[0m,
        [34mprimary[0m [34mkey[0m (id)
    )
26-03-30 18:00:25.032 [Test worker] DEBUG org.hibernate.SQL - 
    [34mcreate[0m [34mtable[0m message_attachments (
        attachment_id uuid [34mnot[0m [34mnull[0m [34munique[0m,
        message_id uuid [34mnot[0m [34mnull[0m
    )
26-03-30 18:00:25.032 [Test worker] DEBUG org.hibernate.SQL - 
    [34mcreate[0m [34mtable[0m messages (
        created_at [34mtimestamp[0m(6) [34mwith[0m [34mtime[0m zone [34mnot[0m [34mnull[0m,
        updated_at [34mtimestamp[0m(6) [34mwith[0m [34mtime[0m zone,
        author_id uuid,
        channel_id uuid [34mnot[0m [34mnull[0m,
        id uuid [34mnot[0m [34mnull[0m,
        content TEXT,
        [34mprimary[0m [34mkey[0m (id)
    )
26-03-30 18:00:25.033 [Test worker] DEBUG org.hibernate.SQL - 
    [34mcreate[0m [34mtable[0m read_statuses (
        created_at [34mtimestamp[0m(6) [34mwith[0m [34mtime[0m zone [34mnot[0m [34mnull[0m,
        last_read_at [34mtimestamp[0m(6) [34mwith[0m [34mtime[0m zone [34mnot[0m [34mnull[0m,
        updated_at [34mtimestamp[0m(6) [34mwith[0m [34mtime[0m zone,
        channel_id uuid [34mnot[0m [34mnull[0m,
        id uuid [34mnot[0m [34mnull[0m,
        user_id uuid [34mnot[0m [34mnull[0m,
        [34mprimary[0m [34mkey[0m (id),
        [34mconstraint[0m uk_read_statuses_user_channel [34munique[0m (user_id, channel_id)
    )
26-03-30 18:00:25.034 [Test worker] DEBUG org.hibernate.SQL - 
    [34mcreate[0m [34mtable[0m user_statuses (
        created_at [34mtimestamp[0m(6) [34mwith[0m [34mtime[0m zone [34mnot[0m [34mnull[0m,
        last_active_at [34mtimestamp[0m(6) [34mwith[0m [34mtime[0m zone [34mnot[0m [34mnull[0m,
        updated_at [34mtimestamp[0m(6) [34mwith[0m [34mtime[0m zone,
        id uuid [34mnot[0m [34mnull[0m,
        user_id uuid [34mnot[0m [34mnull[0m [34munique[0m,
        [34mprimary[0m [34mkey[0m (id)
    )
26-03-30 18:00:25.035 [Test worker] DEBUG org.hibernate.SQL - 
    [34mcreate[0m [34mtable[0m users (
        created_at [34mtimestamp[0m(6) [34mwith[0m [34mtime[0m zone [34mnot[0m [34mnull[0m,
        updated_at [34mtimestamp[0m(6) [34mwith[0m [34mtime[0m zone,
        id uuid [34mnot[0m [34mnull[0m,
        profile_id uuid [34munique[0m,
        username [34mvarchar[0m(50) [34mnot[0m [34mnull[0m [34munique[0m,
        password [34mvarchar[0m(60) [34mnot[0m [34mnull[0m,
        email [34mvarchar[0m(100) [34mnot[0m [34mnull[0m [34munique[0m,
        [34mprimary[0m [34mkey[0m (id)
    )
26-03-30 18:00:25.037 [Test worker] DEBUG org.hibernate.SQL - 
    [34malter[0m [34mtable[0m [34mif[0m [34mexists[0m message_attachments 
       [34madd[0m [34mconstraint[0m FKsd1m8rb8jcpbcnb7rpdue7ctc 
       [34mforeign[0m [34mkey[0m (attachment_id) 
       [34mreferences[0m binary_contents
26-03-30 18:00:25.041 [Test worker] DEBUG org.hibernate.SQL - 
    [34malter[0m [34mtable[0m [34mif[0m [34mexists[0m message_attachments 
       [34madd[0m [34mconstraint[0m FKj7twd218e2gqw9cmlhwvo1rth 
       [34mforeign[0m [34mkey[0m (message_id) 
       [34mreferences[0m messages
26-03-30 18:00:25.041 [Test worker] DEBUG org.hibernate.SQL - 
    [34malter[0m [34mtable[0m [34mif[0m [34mexists[0m messages 
       [34madd[0m [34mconstraint[0m FKowtlim26svclkatusptbgi7u1 
       [34mforeign[0m [34mkey[0m (author_id) 
       [34mreferences[0m users
26-03-30 18:00:25.042 [Test worker] DEBUG org.hibernate.SQL - 
    [34malter[0m [34mtable[0m [34mif[0m [34mexists[0m messages 
       [34madd[0m [34mconstraint[0m FK3u3ckbhwq9se1cmopk2pq05b2 
       [34mforeign[0m [34mkey[0m (channel_id) 
       [34mreferences[0m channels
26-03-30 18:00:25.043 [Test worker] DEBUG org.hibernate.SQL - 
    [34malter[0m [34mtable[0m [34mif[0m [34mexists[0m read_statuses 
       [34madd[0m [34mconstraint[0m FKa38ri44ml4gfdpklx4ahqr8gd 
       [34mforeign[0m [34mkey[0m (channel_id) 
       [34mreferences[0m channels
26-03-30 18:00:25.043 [Test worker] DEBUG org.hibernate.SQL - 
    [34malter[0m [34mtable[0m [34mif[0m [34mexists[0m read_statuses 
       [34madd[0m [34mconstraint[0m FKml3k4wr9sj5yxrmj6d0aoib2e 
       [34mforeign[0m [34mkey[0m (user_id) 
       [34mreferences[0m users
26-03-30 18:00:25.044 [Test worker] DEBUG org.hibernate.SQL - 
    [34malter[0m [34mtable[0m [34mif[0m [34mexists[0m user_statuses 
       [34madd[0m [34mconstraint[0m FK4lfl3ei2ubchgcxrrpo3pw4mm 
       [34mforeign[0m [34mkey[0m (user_id) 
       [34mreferences[0m users
26-03-30 18:00:25.045 [Test worker] DEBUG org.hibernate.SQL - 
    [34malter[0m [34mtable[0m [34mif[0m [34mexists[0m users 
       [34madd[0m [34mconstraint[0m FKtbudycgrip49xdptogmhfqnso 
       [34mforeign[0m [34mkey[0m (profile_id) 
       [34mreferences[0m binary_contents
26-03-30 18:00:25.047 [Test worker] INFO  o.s.o.j.LocalContainerEntityManagerFactoryBean - Initialized JPA EntityManagerFactory for persistence unit 'default'
26-03-30 18:00:25.158 [Test worker] INFO  o.s.d.j.r.query.QueryEnhancerFactory - Hibernate is in classpath; If applicable, HQL parser will be used.
26-03-30 18:00:25.412 [Test worker] INFO  c.s.m.d.r.UserRepositoryTest - Started UserRepositoryTest in 1.249 seconds (process running for 1.569)
26-03-30 18:00:25.662 [Test worker] DEBUG org.hibernate.SQL - 
    [34minsert[0m 
    [34minto[0m
        users
        (created_at, email, password, profile_id, updated_at, username, id) 
    [34mvalues[0m
        (?, ?, ?, ?, ?, ?, ?)
26-03-30 18:00:25.664 [Test worker] TRACE org.hibernate.orm.jdbc.bind - binding parameter (1:TIMESTAMP_UTC) <- [2026-03-30T09:00:25.638441Z]
26-03-30 18:00:25.665 [Test worker] TRACE org.hibernate.orm.jdbc.bind - binding parameter (2:VARCHAR) <- [test@example.com]
26-03-30 18:00:25.666 [Test worker] TRACE org.hibernate.orm.jdbc.bind - binding parameter (3:VARCHAR) <- [asdf1234]
26-03-30 18:00:25.666 [Test worker] TRACE org.hibernate.orm.jdbc.bind - binding parameter (4:UUID) <- [null]
26-03-30 18:00:25.666 [Test worker] TRACE org.hibernate.orm.jdbc.bind - binding parameter (5:TIMESTAMP_UTC) <- [2026-03-30T09:00:25.638441Z]
26-03-30 18:00:25.666 [Test worker] TRACE org.hibernate.orm.jdbc.bind - binding parameter (6:VARCHAR) <- [tester]
26-03-30 18:00:25.666 [Test worker] TRACE org.hibernate.orm.jdbc.bind - binding parameter (7:UUID) <- [c332e92c-29d5-4a87-94b5-b216a7220e54]
26-03-30 18:00:25.673 [Test worker] DEBUG org.hibernate.SQL - 
    [34mselect[0m
        u1_0.id 
    [34mfrom[0m
        users u1_0 
    [34mwhere[0m
        u1_0.email=? 
    [34mfetch[0m
        first ? [34mrows[0m [34monly[0m
26-03-30 18:00:25.673 [Test worker] TRACE org.hibernate.orm.jdbc.bind - binding parameter (1:VARCHAR) <- [jiho@example.com]
26-03-30 18:00:25.673 [Test worker] TRACE org.hibernate.orm.jdbc.bind - binding parameter (2:INTEGER) <- [1]
26-03-30 18:00:25.706 [SpringApplicationShutdownHook] INFO  o.s.o.j.LocalContainerEntityManagerFactoryBean - Closing JPA EntityManagerFactory for persistence unit 'default'
26-03-30 18:00:25.706 [SpringApplicationShutdownHook] DEBUG org.hibernate.SQL - 
    [34mdrop[0m [34mtable[0m [34mif[0m [34mexists[0m binary_contents [34mcascade[0m 
26-03-30 18:00:25.707 [SpringApplicationShutdownHook] DEBUG org.hibernate.SQL - 
    [34mdrop[0m [34mtable[0m [34mif[0m [34mexists[0m channels [34mcascade[0m 
26-03-30 18:00:25.707 [SpringApplicationShutdownHook] DEBUG org.hibernate.SQL - 
    [34mdrop[0m [34mtable[0m [34mif[0m [34mexists[0m message_attachments [34mcascade[0m 
26-03-30 18:00:25.708 [SpringApplicationShutdownHook] DEBUG org.hibernate.SQL - 
    [34mdrop[0m [34mtable[0m [34mif[0m [34mexists[0m messages [34mcascade[0m 
26-03-30 18:00:25.708 [SpringApplicationShutdownHook] DEBUG org.hibernate.SQL - 
    [34mdrop[0m [34mtable[0m [34mif[0m [34mexists[0m read_statuses [34mcascade[0m 
26-03-30 18:00:25.708 [SpringApplicationShutdownHook] DEBUG org.hibernate.SQL - 
    [34mdrop[0m [34mtable[0m [34mif[0m [34mexists[0m user_statuses [34mcascade[0m 
26-03-30 18:00:25.709 [SpringApplicationShutdownHook] DEBUG org.hibernate.SQL - 
    [34mdrop[0m [34mtable[0m [34mif[0m [34mexists[0m users [34mcascade[0m 
26-03-30 18:46:55.569 [background-preinit] INFO  o.h.validator.internal.util.Version - HV000001: Hibernate Validator 8.0.1.Final
26-03-30 18:46:55.587 [Test worker] INFO  c.s.m.d.r.ChannelRepositoryTest - Starting ChannelRepositoryTest using Java 17.0.17 with PID 5514 (started by jiho in /Users/jiho/codeit/discodeit)
26-03-30 18:46:55.587 [Test worker] INFO  c.s.m.d.r.ChannelRepositoryTest - The following 1 profile is active: "test"
26-03-30 18:46:55.729 [Test worker] INFO  o.s.d.r.c.RepositoryConfigurationDelegate - Bootstrapping Spring Data JPA repositories in DEFAULT mode.
26-03-30 18:46:55.755 [Test worker] INFO  o.s.d.r.c.RepositoryConfigurationDelegate - Finished Spring Data repository scanning in 23 ms. Found 6 JPA repository interfaces.
26-03-30 18:46:55.774 [Test worker] INFO  o.s.b.t.a.j.TestDatabaseAutoConfiguration$EmbeddedDataSourceBeanFactoryPostProcessor - Replacing 'dataSource' DataSource bean with embedded version
26-03-30 18:46:55.822 [Test worker] INFO  o.s.j.d.e.EmbeddedDatabaseFactory - Starting embedded database: url='jdbc:h2:mem:41fe394b-9e28-4980-aa32-e7bcb46d2d4a;DB_CLOSE_DELAY=-1;DB_CLOSE_ON_EXIT=false', username='sa'
26-03-30 18:46:55.901 [Test worker] INFO  o.h.jpa.internal.util.LogHelper - HHH000204: Processing PersistenceUnitInfo [name: default]
26-03-30 18:46:55.918 [Test worker] INFO  org.hibernate.Version - HHH000412: Hibernate ORM core version 6.6.2.Final
26-03-30 18:46:55.928 [Test worker] INFO  o.h.c.i.RegionFactoryInitiator - HHH000026: Second-level cache disabled
26-03-30 18:46:56.012 [Test worker] INFO  o.s.o.j.p.SpringPersistenceUnitInfo - No LoadTimeWeaver setup: ignoring JPA class transformer
26-03-30 18:46:56.040 [Test worker] INFO  o.hibernate.orm.connections.pooling - HHH10001005: Database info:
	Database JDBC URL [Connecting through datasource 'org.springframework.jdbc.datasource.embedded.EmbeddedDatabaseFactory$EmbeddedDataSourceProxy@238ad211']
	Database driver: undefined/unknown
	Database version: 2.3.232
	Autocommit mode: undefined/unknown
	Isolation level: undefined/unknown
	Minimum pool size: undefined/unknown
	Maximum pool size: undefined/unknown
26-03-30 18:46:56.346 [Test worker] INFO  o.h.e.t.j.p.i.JtaPlatformInitiator - HHH000489: No JTA platform available (set 'hibernate.transaction.jta.platform' to enable JTA platform integration)
26-03-30 18:46:56.350 [Test worker] DEBUG org.hibernate.SQL - 
    [34mdrop[0m [34mtable[0m [34mif[0m [34mexists[0m binary_contents [34mcascade[0m 
26-03-30 18:46:56.351 [Test worker] DEBUG org.hibernate.SQL - 
    [34mdrop[0m [34mtable[0m [34mif[0m [34mexists[0m channels [34mcascade[0m 
26-03-30 18:46:56.352 [Test worker] DEBUG org.hibernate.SQL - 
    [34mdrop[0m [34mtable[0m [34mif[0m [34mexists[0m message_attachments [34mcascade[0m 
26-03-30 18:46:56.352 [Test worker] DEBUG org.hibernate.SQL - 
    [34mdrop[0m [34mtable[0m [34mif[0m [34mexists[0m messages [34mcascade[0m 
26-03-30 18:46:56.352 [Test worker] DEBUG org.hibernate.SQL - 
    [34mdrop[0m [34mtable[0m [34mif[0m [34mexists[0m read_statuses [34mcascade[0m 
26-03-30 18:46:56.352 [Test worker] DEBUG org.hibernate.SQL - 
    [34mdrop[0m [34mtable[0m [34mif[0m [34mexists[0m user_statuses [34mcascade[0m 
26-03-30 18:46:56.352 [Test worker] DEBUG org.hibernate.SQL - 
    [34mdrop[0m [34mtable[0m [34mif[0m [34mexists[0m users [34mcascade[0m 
26-03-30 18:46:56.354 [Test worker] DEBUG org.hibernate.SQL - 
    [34mcreate[0m [34mtable[0m binary_contents (
        created_at [34mtimestamp[0m(6) [34mwith[0m [34mtime[0m zone [34mnot[0m [34mnull[0m,
        size [34mbigint[0m [34mnot[0m [34mnull[0m,
        id uuid [34mnot[0m [34mnull[0m,
        content_type [34mvarchar[0m(100) [34mnot[0m [34mnull[0m,
        file_name [34mvarchar[0m(255) [34mnot[0m [34mnull[0m,
        [34mprimary[0m [34mkey[0m (id)
    )
26-03-30 18:46:56.357 [Test worker] DEBUG org.hibernate.SQL - 
    [34mcreate[0m [34mtable[0m channels (
        created_at [34mtimestamp[0m(6) [34mwith[0m [34mtime[0m zone [34mnot[0m [34mnull[0m,
        updated_at [34mtimestamp[0m(6) [34mwith[0m [34mtime[0m zone,
        id uuid [34mnot[0m [34mnull[0m,
        name [34mvarchar[0m(100),
        description [34mvarchar[0m(500),
        type enum ([36m'PRIVATE'[0m,[36m'PUBLIC'[0m) [34mnot[0m [34mnull[0m,
        [34mprimary[0m [34mkey[0m (id)
    )
26-03-30 18:46:56.358 [Test worker] DEBUG org.hibernate.SQL - 
    [34mcreate[0m [34mtable[0m message_attachments (
        attachment_id uuid [34mnot[0m [34mnull[0m [34munique[0m,
        message_id uuid [34mnot[0m [34mnull[0m
    )
26-03-30 18:46:56.359 [Test worker] DEBUG org.hibernate.SQL - 
    [34mcreate[0m [34mtable[0m messages (
        created_at [34mtimestamp[0m(6) [34mwith[0m [34mtime[0m zone [34mnot[0m [34mnull[0m,
        updated_at [34mtimestamp[0m(6) [34mwith[0m [34mtime[0m zone,
        author_id uuid,
        channel_id uuid [34mnot[0m [34mnull[0m,
        id uuid [34mnot[0m [34mnull[0m,
        content TEXT,
        [34mprimary[0m [34mkey[0m (id)
    )
26-03-30 18:46:56.359 [Test worker] DEBUG org.hibernate.SQL - 
    [34mcreate[0m [34mtable[0m read_statuses (
        created_at [34mtimestamp[0m(6) [34mwith[0m [34mtime[0m zone [34mnot[0m [34mnull[0m,
        last_read_at [34mtimestamp[0m(6) [34mwith[0m [34mtime[0m zone [34mnot[0m [34mnull[0m,
        updated_at [34mtimestamp[0m(6) [34mwith[0m [34mtime[0m zone,
        channel_id uuid [34mnot[0m [34mnull[0m,
        id uuid [34mnot[0m [34mnull[0m,
        user_id uuid [34mnot[0m [34mnull[0m,
        [34mprimary[0m [34mkey[0m (id),
        [34mconstraint[0m uk_read_statuses_user_channel [34munique[0m (user_id, channel_id)
    )
26-03-30 18:46:56.360 [Test worker] DEBUG org.hibernate.SQL - 
    [34mcreate[0m [34mtable[0m user_statuses (
        created_at [34mtimestamp[0m(6) [34mwith[0m [34mtime[0m zone [34mnot[0m [34mnull[0m,
        last_active_at [34mtimestamp[0m(6) [34mwith[0m [34mtime[0m zone [34mnot[0m [34mnull[0m,
        updated_at [34mtimestamp[0m(6) [34mwith[0m [34mtime[0m zone,
        id uuid [34mnot[0m [34mnull[0m,
        user_id uuid [34mnot[0m [34mnull[0m [34munique[0m,
        [34mprimary[0m [34mkey[0m (id)
    )
26-03-30 18:46:56.361 [Test worker] DEBUG org.hibernate.SQL - 
    [34mcreate[0m [34mtable[0m users (
        created_at [34mtimestamp[0m(6) [34mwith[0m [34mtime[0m zone [34mnot[0m [34mnull[0m,
        updated_at [34mtimestamp[0m(6) [34mwith[0m [34mtime[0m zone,
        id uuid [34mnot[0m [34mnull[0m,
        profile_id uuid [34munique[0m,
        username [34mvarchar[0m(50) [34mnot[0m [34mnull[0m [34munique[0m,
        password [34mvarchar[0m(60) [34mnot[0m [34mnull[0m,
        email [34mvarchar[0m(100) [34mnot[0m [34mnull[0m [34munique[0m,
        [34mprimary[0m [34mkey[0m (id)
    )
26-03-30 18:46:56.363 [Test worker] DEBUG org.hibernate.SQL - 
    [34malter[0m [34mtable[0m [34mif[0m [34mexists[0m message_attachments 
       [34madd[0m [34mconstraint[0m FKsd1m8rb8jcpbcnb7rpdue7ctc 
       [34mforeign[0m [34mkey[0m (attachment_id) 
       [34mreferences[0m binary_contents
26-03-30 18:46:56.367 [Test worker] DEBUG org.hibernate.SQL - 
    [34malter[0m [34mtable[0m [34mif[0m [34mexists[0m message_attachments 
       [34madd[0m [34mconstraint[0m FKj7twd218e2gqw9cmlhwvo1rth 
       [34mforeign[0m [34mkey[0m (message_id) 
       [34mreferences[0m messages
26-03-30 18:46:56.368 [Test worker] DEBUG org.hibernate.SQL - 
    [34malter[0m [34mtable[0m [34mif[0m [34mexists[0m messages 
       [34madd[0m [34mconstraint[0m FKowtlim26svclkatusptbgi7u1 
       [34mforeign[0m [34mkey[0m (author_id) 
       [34mreferences[0m users
26-03-30 18:46:56.369 [Test worker] DEBUG org.hibernate.SQL - 
    [34malter[0m [34mtable[0m [34mif[0m [34mexists[0m messages 
       [34madd[0m [34mconstraint[0m FK3u3ckbhwq9se1cmopk2pq05b2 
       [34mforeign[0m [34mkey[0m (channel_id) 
       [34mreferences[0m channels
26-03-30 18:46:56.370 [Test worker] DEBUG org.hibernate.SQL - 
    [34malter[0m [34mtable[0m [34mif[0m [34mexists[0m read_statuses 
       [34madd[0m [34mconstraint[0m FKa38ri44ml4gfdpklx4ahqr8gd 
       [34mforeign[0m [34mkey[0m (channel_id) 
       [34mreferences[0m channels
26-03-30 18:46:56.371 [Test worker] DEBUG org.hibernate.SQL - 
    [34malter[0m [34mtable[0m [34mif[0m [34mexists[0m read_statuses 
       [34madd[0m [34mconstraint[0m FKml3k4wr9sj5yxrmj6d0aoib2e 
       [34mforeign[0m [34mkey[0m (user_id) 
       [34mreferences[0m users
26-03-30 18:46:56.371 [Test worker] DEBUG org.hibernate.SQL - 
    [34malter[0m [34mtable[0m [34mif[0m [34mexists[0m user_statuses 
       [34madd[0m [34mconstraint[0m FK4lfl3ei2ubchgcxrrpo3pw4mm 
       [34mforeign[0m [34mkey[0m (user_id) 
       [34mreferences[0m users
26-03-30 18:46:56.372 [Test worker] DEBUG org.hibernate.SQL - 
    [34malter[0m [34mtable[0m [34mif[0m [34mexists[0m users 
       [34madd[0m [34mconstraint[0m FKtbudycgrip49xdptogmhfqnso 
       [34mforeign[0m [34mkey[0m (profile_id) 
       [34mreferences[0m binary_contents
26-03-30 18:46:56.374 [Test worker] INFO  o.s.o.j.LocalContainerEntityManagerFactoryBean - Initialized JPA EntityManagerFactory for persistence unit 'default'
26-03-30 18:46:56.491 [Test worker] INFO  o.s.d.j.r.query.QueryEnhancerFactory - Hibernate is in classpath; If applicable, HQL parser will be used.
26-03-30 18:46:56.773 [Test worker] INFO  c.s.m.d.r.ChannelRepositoryTest - Started ChannelRepositoryTest in 1.328 seconds (process running for 1.677)
26-03-30 18:46:57.033 [Test worker] DEBUG org.hibernate.SQL - 
    [34minsert[0m 
    [34minto[0m
        users
        (created_at, email, password, profile_id, updated_at, username, id) 
    [34mvalues[0m
        (?, ?, ?, ?, ?, ?, ?)
26-03-30 18:46:57.035 [Test worker] TRACE org.hibernate.orm.jdbc.bind - binding parameter (1:TIMESTAMP_UTC) <- [2026-03-30T09:46:57.004360Z]
26-03-30 18:46:57.036 [Test worker] TRACE org.hibernate.orm.jdbc.bind - binding parameter (2:VARCHAR) <- [target@test.com]
26-03-30 18:46:57.037 [Test worker] TRACE org.hibernate.orm.jdbc.bind - binding parameter (3:VARCHAR) <- [asdf1234]
26-03-30 18:46:57.037 [Test worker] TRACE org.hibernate.orm.jdbc.bind - binding parameter (4:UUID) <- [null]
26-03-30 18:46:57.037 [Test worker] TRACE org.hibernate.orm.jdbc.bind - binding parameter (5:TIMESTAMP_UTC) <- [2026-03-30T09:46:57.004360Z]
26-03-30 18:46:57.037 [Test worker] TRACE org.hibernate.orm.jdbc.bind - binding parameter (6:VARCHAR) <- [tester]
26-03-30 18:46:57.037 [Test worker] TRACE org.hibernate.orm.jdbc.bind - binding parameter (7:UUID) <- [e86ef6bf-65c2-438c-9f2d-5f2e6e621e44]
26-03-30 18:46:57.041 [Test worker] DEBUG org.hibernate.SQL - 
    [34minsert[0m 
    [34minto[0m
        users
        (created_at, email, password, profile_id, updated_at, username, id) 
    [34mvalues[0m
        (?, ?, ?, ?, ?, ?, ?)
26-03-30 18:46:57.041 [Test worker] TRACE org.hibernate.orm.jdbc.bind - binding parameter (1:TIMESTAMP_UTC) <- [2026-03-30T09:46:57.010644Z]
26-03-30 18:46:57.041 [Test worker] TRACE org.hibernate.orm.jdbc.bind - binding parameter (2:VARCHAR) <- [other@test.com]
26-03-30 18:46:57.041 [Test worker] TRACE org.hibernate.orm.jdbc.bind - binding parameter (3:VARCHAR) <- [pass]
26-03-30 18:46:57.041 [Test worker] TRACE org.hibernate.orm.jdbc.bind - binding parameter (4:UUID) <- [null]
26-03-30 18:46:57.041 [Test worker] TRACE org.hibernate.orm.jdbc.bind - binding parameter (5:TIMESTAMP_UTC) <- [2026-03-30T09:46:57.010644Z]
26-03-30 18:46:57.041 [Test worker] TRACE org.hibernate.orm.jdbc.bind - binding parameter (6:VARCHAR) <- [otherUser]
26-03-30 18:46:57.041 [Test worker] TRACE org.hibernate.orm.jdbc.bind - binding parameter (7:UUID) <- [557b3153-2f64-43fc-a8b1-99b986a0dbe3]
26-03-30 18:46:57.042 [Test worker] DEBUG org.hibernate.SQL - 
    [34minsert[0m 
    [34minto[0m
        channels
        (created_at, description, name, type, updated_at, id) 
    [34mvalues[0m
        (?, ?, ?, ?, ?, ?)
26-03-30 18:46:57.042 [Test worker] TRACE org.hibernate.orm.jdbc.bind - binding parameter (1:TIMESTAMP_UTC) <- [2026-03-30T09:46:57.011252Z]
26-03-30 18:46:57.042 [Test worker] TRACE org.hibernate.orm.jdbc.bind - binding parameter (2:VARCHAR) <- [description]
26-03-30 18:46:57.042 [Test worker] TRACE org.hibernate.orm.jdbc.bind - binding parameter (3:VARCHAR) <- [Public]
26-03-30 18:46:57.042 [Test worker] TRACE org.hibernate.orm.jdbc.bind - binding parameter (4:ENUM) <- [PUBLIC]
26-03-30 18:46:57.042 [Test worker] TRACE org.hibernate.orm.jdbc.bind - binding parameter (5:TIMESTAMP_UTC) <- [2026-03-30T09:46:57.011252Z]
26-03-30 18:46:57.042 [Test worker] TRACE org.hibernate.orm.jdbc.bind - binding parameter (6:UUID) <- [383cd406-e64b-465b-b5c7-0d339539dc3b]
26-03-30 18:46:57.042 [Test worker] DEBUG org.hibernate.SQL - 
    [34minsert[0m 
    [34minto[0m
        channels
        (created_at, description, name, type, updated_at, id) 
    [34mvalues[0m
        (?, ?, ?, ?, ?, ?)
26-03-30 18:46:57.042 [Test worker] TRACE org.hibernate.orm.jdbc.bind - binding parameter (1:TIMESTAMP_UTC) <- [2026-03-30T09:46:57.012278Z]
26-03-30 18:46:57.042 [Test worker] TRACE org.hibernate.orm.jdbc.bind - binding parameter (2:VARCHAR) <- [joined private description]
26-03-30 18:46:57.043 [Test worker] TRACE org.hibernate.orm.jdbc.bind - binding parameter (3:VARCHAR) <- [Joined Private]
26-03-30 18:46:57.043 [Test worker] TRACE org.hibernate.orm.jdbc.bind - binding parameter (4:ENUM) <- [PRIVATE]
26-03-30 18:46:57.043 [Test worker] TRACE org.hibernate.orm.jdbc.bind - binding parameter (5:TIMESTAMP_UTC) <- [2026-03-30T09:46:57.012278Z]
26-03-30 18:46:57.043 [Test worker] TRACE org.hibernate.orm.jdbc.bind - binding parameter (6:UUID) <- [884cb4a2-90c0-49da-b2d7-9d9eff763330]
26-03-30 18:46:57.043 [Test worker] DEBUG org.hibernate.SQL - 
    [34minsert[0m 
    [34minto[0m
        read_statuses
        (channel_id, created_at, last_read_at, updated_at, user_id, id) 
    [34mvalues[0m
        (?, ?, ?, ?, ?, ?)
26-03-30 18:46:57.043 [Test worker] TRACE org.hibernate.orm.jdbc.bind - binding parameter (1:UUID) <- [884cb4a2-90c0-49da-b2d7-9d9eff763330]
26-03-30 18:46:57.043 [Test worker] TRACE org.hibernate.orm.jdbc.bind - binding parameter (2:TIMESTAMP_UTC) <- [2026-03-30T09:46:57.012788Z]
26-03-30 18:46:57.043 [Test worker] TRACE org.hibernate.orm.jdbc.bind - binding parameter (3:TIMESTAMP_UTC) <- [2026-03-30T09:46:57.012347Z]
26-03-30 18:46:57.043 [Test worker] TRACE org.hibernate.orm.jdbc.bind - binding parameter (4:TIMESTAMP_UTC) <- [2026-03-30T09:46:57.012788Z]
26-03-30 18:46:57.043 [Test worker] TRACE org.hibernate.orm.jdbc.bind - binding parameter (5:UUID) <- [e86ef6bf-65c2-438c-9f2d-5f2e6e621e44]
26-03-30 18:46:57.043 [Test worker] TRACE org.hibernate.orm.jdbc.bind - binding parameter (6:UUID) <- [4060745a-b7e7-4abf-8295-bcaa7c3838e0]
26-03-30 18:46:57.044 [Test worker] DEBUG org.hibernate.SQL - 
    [34minsert[0m 
    [34minto[0m
        channels
        (created_at, description, name, type, updated_at, id) 
    [34mvalues[0m
        (?, ?, ?, ?, ?, ?)
26-03-30 18:46:57.044 [Test worker] TRACE org.hibernate.orm.jdbc.bind - binding parameter (1:TIMESTAMP_UTC) <- [2026-03-30T09:46:57.013757Z]
26-03-30 18:46:57.044 [Test worker] TRACE org.hibernate.orm.jdbc.bind - binding parameter (2:VARCHAR) <- [not joined private description]
26-03-30 18:46:57.044 [Test worker] TRACE org.hibernate.orm.jdbc.bind - binding parameter (3:VARCHAR) <- [Not Joined Private]
26-03-30 18:46:57.044 [Test worker] TRACE org.hibernate.orm.jdbc.bind - binding parameter (4:ENUM) <- [PRIVATE]
26-03-30 18:46:57.044 [Test worker] TRACE org.hibernate.orm.jdbc.bind - binding parameter (5:TIMESTAMP_UTC) <- [2026-03-30T09:46:57.013757Z]
26-03-30 18:46:57.044 [Test worker] TRACE org.hibernate.orm.jdbc.bind - binding parameter (6:UUID) <- [4e8291a0-2ac9-4bb0-ad27-06c77681c5bb]
26-03-30 18:46:57.044 [Test worker] DEBUG org.hibernate.SQL - 
    [34minsert[0m 
    [34minto[0m
        read_statuses
        (channel_id, created_at, last_read_at, updated_at, user_id, id) 
    [34mvalues[0m
        (?, ?, ?, ?, ?, ?)
26-03-30 18:46:57.044 [Test worker] TRACE org.hibernate.orm.jdbc.bind - binding parameter (1:UUID) <- [4e8291a0-2ac9-4bb0-ad27-06c77681c5bb]
26-03-30 18:46:57.044 [Test worker] TRACE org.hibernate.orm.jdbc.bind - binding parameter (2:TIMESTAMP_UTC) <- [2026-03-30T09:46:57.013902Z]
26-03-30 18:46:57.044 [Test worker] TRACE org.hibernate.orm.jdbc.bind - binding parameter (3:TIMESTAMP_UTC) <- [2026-03-30T09:46:57.013836Z]
26-03-30 18:46:57.045 [Test worker] TRACE org.hibernate.orm.jdbc.bind - binding parameter (4:TIMESTAMP_UTC) <- [2026-03-30T09:46:57.013902Z]
26-03-30 18:46:57.045 [Test worker] TRACE org.hibernate.orm.jdbc.bind - binding parameter (5:UUID) <- [557b3153-2f64-43fc-a8b1-99b986a0dbe3]
26-03-30 18:46:57.045 [Test worker] TRACE org.hibernate.orm.jdbc.bind - binding parameter (6:UUID) <- [72befc63-d769-435c-b1dd-d2cc875dec14]
26-03-30 18:46:57.048 [Test worker] DEBUG org.hibernate.SQL - 
    [34mselect[0m
        [34mdistinct[0m c1_0.id,
        c1_0.created_at,
        c1_0.description,
        c1_0.name,
        c1_0.type,
        c1_0.updated_at 
    [34mfrom[0m
        channels c1_0 
    [34mleft[0m [34mjoin[0m
        read_statuses rs1_0 
            [34mon[0m rs1_0.channel_id=c1_0.id 
    [34mwhere[0m
        c1_0.type=[36m'PUBLIC'[0m 
        [34mor[0m (
            c1_0.type=[36m'PRIVATE'[0m 
            [34mand[0m rs1_0.user_id=?
        )
26-03-30 18:46:57.050 [Test worker] TRACE org.hibernate.orm.jdbc.bind - binding parameter (1:UUID) <- [e86ef6bf-65c2-438c-9f2d-5f2e6e621e44]
26-03-30 18:46:57.092 [SpringApplicationShutdownHook] INFO  o.s.o.j.LocalContainerEntityManagerFactoryBean - Closing JPA EntityManagerFactory for persistence unit 'default'
26-03-30 18:46:57.092 [SpringApplicationShutdownHook] DEBUG org.hibernate.SQL - 
    [34mdrop[0m [34mtable[0m [34mif[0m [34mexists[0m binary_contents [34mcascade[0m 
26-03-30 18:46:57.093 [SpringApplicationShutdownHook] DEBUG org.hibernate.SQL - 
    [34mdrop[0m [34mtable[0m [34mif[0m [34mexists[0m channels [34mcascade[0m 
26-03-30 18:46:57.093 [SpringApplicationShutdownHook] DEBUG org.hibernate.SQL - 
    [34mdrop[0m [34mtable[0m [34mif[0m [34mexists[0m message_attachments [34mcascade[0m 
26-03-30 18:46:57.094 [SpringApplicationShutdownHook] DEBUG org.hibernate.SQL - 
    [34mdrop[0m [34mtable[0m [34mif[0m [34mexists[0m messages [34mcascade[0m 
26-03-30 18:46:57.094 [SpringApplicationShutdownHook] DEBUG org.hibernate.SQL - 
    [34mdrop[0m [34mtable[0m [34mif[0m [34mexists[0m read_statuses [34mcascade[0m 
26-03-30 18:46:57.094 [SpringApplicationShutdownHook] DEBUG org.hibernate.SQL - 
    [34mdrop[0m [34mtable[0m [34mif[0m [34mexists[0m user_statuses [34mcascade[0m 
26-03-30 18:46:57.095 [SpringApplicationShutdownHook] DEBUG org.hibernate.SQL - 
    [34mdrop[0m [34mtable[0m [34mif[0m [34mexists[0m users [34mcascade[0m 
26-03-30 18:47:00.170 [background-preinit] INFO  o.h.validator.internal.util.Version - HV000001: Hibernate Validator 8.0.1.Final
26-03-30 18:47:00.188 [Test worker] INFO  c.s.m.d.r.ChannelRepositoryTest - Starting ChannelRepositoryTest using Java 17.0.17 with PID 5526 (started by jiho in /Users/jiho/codeit/discodeit)
26-03-30 18:47:00.188 [Test worker] INFO  c.s.m.d.r.ChannelRepositoryTest - The following 1 profile is active: "test"
26-03-30 18:47:00.319 [Test worker] INFO  o.s.d.r.c.RepositoryConfigurationDelegate - Bootstrapping Spring Data JPA repositories in DEFAULT mode.
26-03-30 18:47:00.345 [Test worker] INFO  o.s.d.r.c.RepositoryConfigurationDelegate - Finished Spring Data repository scanning in 22 ms. Found 6 JPA repository interfaces.
26-03-30 18:47:00.362 [Test worker] INFO  o.s.b.t.a.j.TestDatabaseAutoConfiguration$EmbeddedDataSourceBeanFactoryPostProcessor - Replacing 'dataSource' DataSource bean with embedded version
26-03-30 18:47:00.407 [Test worker] INFO  o.s.j.d.e.EmbeddedDatabaseFactory - Starting embedded database: url='jdbc:h2:mem:b77efa8f-ed6b-4db7-8945-b5d047164763;DB_CLOSE_DELAY=-1;DB_CLOSE_ON_EXIT=false', username='sa'
26-03-30 18:47:00.482 [Test worker] INFO  o.h.jpa.internal.util.LogHelper - HHH000204: Processing PersistenceUnitInfo [name: default]
26-03-30 18:47:00.497 [Test worker] INFO  org.hibernate.Version - HHH000412: Hibernate ORM core version 6.6.2.Final
26-03-30 18:47:00.506 [Test worker] INFO  o.h.c.i.RegionFactoryInitiator - HHH000026: Second-level cache disabled
26-03-30 18:47:00.593 [Test worker] INFO  o.s.o.j.p.SpringPersistenceUnitInfo - No LoadTimeWeaver setup: ignoring JPA class transformer
26-03-30 18:47:00.622 [Test worker] INFO  o.hibernate.orm.connections.pooling - HHH10001005: Database info:
	Database JDBC URL [Connecting through datasource 'org.springframework.jdbc.datasource.embedded.EmbeddedDatabaseFactory$EmbeddedDataSourceProxy@3cf8a235']
	Database driver: undefined/unknown
	Database version: 2.3.232
	Autocommit mode: undefined/unknown
	Isolation level: undefined/unknown
	Minimum pool size: undefined/unknown
	Maximum pool size: undefined/unknown
26-03-30 18:47:00.928 [Test worker] INFO  o.h.e.t.j.p.i.JtaPlatformInitiator - HHH000489: No JTA platform available (set 'hibernate.transaction.jta.platform' to enable JTA platform integration)
26-03-30 18:47:00.932 [Test worker] DEBUG org.hibernate.SQL - 
    [34mdrop[0m [34mtable[0m [34mif[0m [34mexists[0m binary_contents [34mcascade[0m 
26-03-30 18:47:00.933 [Test worker] DEBUG org.hibernate.SQL - 
    [34mdrop[0m [34mtable[0m [34mif[0m [34mexists[0m channels [34mcascade[0m 
26-03-30 18:47:00.933 [Test worker] DEBUG org.hibernate.SQL - 
    [34mdrop[0m [34mtable[0m [34mif[0m [34mexists[0m message_attachments [34mcascade[0m 
26-03-30 18:47:00.933 [Test worker] DEBUG org.hibernate.SQL - 
    [34mdrop[0m [34mtable[0m [34mif[0m [34mexists[0m messages [34mcascade[0m 
26-03-30 18:47:00.934 [Test worker] DEBUG org.hibernate.SQL - 
    [34mdrop[0m [34mtable[0m [34mif[0m [34mexists[0m read_statuses [34mcascade[0m 
26-03-30 18:47:00.934 [Test worker] DEBUG org.hibernate.SQL - 
    [34mdrop[0m [34mtable[0m [34mif[0m [34mexists[0m user_statuses [34mcascade[0m 
26-03-30 18:47:00.934 [Test worker] DEBUG org.hibernate.SQL - 
    [34mdrop[0m [34mtable[0m [34mif[0m [34mexists[0m users [34mcascade[0m 
26-03-30 18:47:00.936 [Test worker] DEBUG org.hibernate.SQL - 
    [34mcreate[0m [34mtable[0m binary_contents (
        created_at [34mtimestamp[0m(6) [34mwith[0m [34mtime[0m zone [34mnot[0m [34mnull[0m,
        size [34mbigint[0m [34mnot[0m [34mnull[0m,
        id uuid [34mnot[0m [34mnull[0m,
        content_type [34mvarchar[0m(100) [34mnot[0m [34mnull[0m,
        file_name [34mvarchar[0m(255) [34mnot[0m [34mnull[0m,
        [34mprimary[0m [34mkey[0m (id)
    )
26-03-30 18:47:00.939 [Test worker] DEBUG org.hibernate.SQL - 
    [34mcreate[0m [34mtable[0m channels (
        created_at [34mtimestamp[0m(6) [34mwith[0m [34mtime[0m zone [34mnot[0m [34mnull[0m,
        updated_at [34mtimestamp[0m(6) [34mwith[0m [34mtime[0m zone,
        id uuid [34mnot[0m [34mnull[0m,
        name [34mvarchar[0m(100),
        description [34mvarchar[0m(500),
        type enum ([36m'PRIVATE'[0m,[36m'PUBLIC'[0m) [34mnot[0m [34mnull[0m,
        [34mprimary[0m [34mkey[0m (id)
    )
26-03-30 18:47:00.939 [Test worker] DEBUG org.hibernate.SQL - 
    [34mcreate[0m [34mtable[0m message_attachments (
        attachment_id uuid [34mnot[0m [34mnull[0m [34munique[0m,
        message_id uuid [34mnot[0m [34mnull[0m
    )
26-03-30 18:47:00.940 [Test worker] DEBUG org.hibernate.SQL - 
    [34mcreate[0m [34mtable[0m messages (
        created_at [34mtimestamp[0m(6) [34mwith[0m [34mtime[0m zone [34mnot[0m [34mnull[0m,
        updated_at [34mtimestamp[0m(6) [34mwith[0m [34mtime[0m zone,
        author_id uuid,
        channel_id uuid [34mnot[0m [34mnull[0m,
        id uuid [34mnot[0m [34mnull[0m,
        content TEXT,
        [34mprimary[0m [34mkey[0m (id)
    )
26-03-30 18:47:00.941 [Test worker] DEBUG org.hibernate.SQL - 
    [34mcreate[0m [34mtable[0m read_statuses (
        created_at [34mtimestamp[0m(6) [34mwith[0m [34mtime[0m zone [34mnot[0m [34mnull[0m,
        last_read_at [34mtimestamp[0m(6) [34mwith[0m [34mtime[0m zone [34mnot[0m [34mnull[0m,
        updated_at [34mtimestamp[0m(6) [34mwith[0m [34mtime[0m zone,
        channel_id uuid [34mnot[0m [34mnull[0m,
        id uuid [34mnot[0m [34mnull[0m,
        user_id uuid [34mnot[0m [34mnull[0m,
        [34mprimary[0m [34mkey[0m (id),
        [34mconstraint[0m uk_read_statuses_user_channel [34munique[0m (user_id, channel_id)
    )
26-03-30 18:47:00.942 [Test worker] DEBUG org.hibernate.SQL - 
    [34mcreate[0m [34mtable[0m user_statuses (
        created_at [34mtimestamp[0m(6) [34mwith[0m [34mtime[0m zone [34mnot[0m [34mnull[0m,
        last_active_at [34mtimestamp[0m(6) [34mwith[0m [34mtime[0m zone [34mnot[0m [34mnull[0m,
        updated_at [34mtimestamp[0m(6) [34mwith[0m [34mtime[0m zone,
        id uuid [34mnot[0m [34mnull[0m,
        user_id uuid [34mnot[0m [34mnull[0m [34munique[0m,
        [34mprimary[0m [34mkey[0m (id)
    )
26-03-30 18:47:00.943 [Test worker] DEBUG org.hibernate.SQL - 
    [34mcreate[0m [34mtable[0m users (
        created_at [34mtimestamp[0m(6) [34mwith[0m [34mtime[0m zone [34mnot[0m [34mnull[0m,
        updated_at [34mtimestamp[0m(6) [34mwith[0m [34mtime[0m zone,
        id uuid [34mnot[0m [34mnull[0m,
        profile_id uuid [34munique[0m,
        username [34mvarchar[0m(50) [34mnot[0m [34mnull[0m [34munique[0m,
        password [34mvarchar[0m(60) [34mnot[0m [34mnull[0m,
        email [34mvarchar[0m(100) [34mnot[0m [34mnull[0m [34munique[0m,
        [34mprimary[0m [34mkey[0m (id)
    )
26-03-30 18:47:00.945 [Test worker] DEBUG org.hibernate.SQL - 
    [34malter[0m [34mtable[0m [34mif[0m [34mexists[0m message_attachments 
       [34madd[0m [34mconstraint[0m FKsd1m8rb8jcpbcnb7rpdue7ctc 
       [34mforeign[0m [34mkey[0m (attachment_id) 
       [34mreferences[0m binary_contents
26-03-30 18:47:00.949 [Test worker] DEBUG org.hibernate.SQL - 
    [34malter[0m [34mtable[0m [34mif[0m [34mexists[0m message_attachments 
       [34madd[0m [34mconstraint[0m FKj7twd218e2gqw9cmlhwvo1rth 
       [34mforeign[0m [34mkey[0m (message_id) 
       [34mreferences[0m messages
26-03-30 18:47:00.950 [Test worker] DEBUG org.hibernate.SQL - 
    [34malter[0m [34mtable[0m [34mif[0m [34mexists[0m messages 
       [34madd[0m [34mconstraint[0m FKowtlim26svclkatusptbgi7u1 
       [34mforeign[0m [34mkey[0m (author_id) 
       [34mreferences[0m users
26-03-30 18:47:00.950 [Test worker] DEBUG org.hibernate.SQL - 
    [34malter[0m [34mtable[0m [34mif[0m [34mexists[0m messages 
       [34madd[0m [34mconstraint[0m FK3u3ckbhwq9se1cmopk2pq05b2 
       [34mforeign[0m [34mkey[0m (channel_id) 
       [34mreferences[0m channels
26-03-30 18:47:00.951 [Test worker] DEBUG org.hibernate.SQL - 
    [34malter[0m [34mtable[0m [34mif[0m [34mexists[0m read_statuses 
       [34madd[0m [34mconstraint[0m FKa38ri44ml4gfdpklx4ahqr8gd 
       [34mforeign[0m [34mkey[0m (channel_id) 
       [34mreferences[0m channels
26-03-30 18:47:00.952 [Test worker] DEBUG org.hibernate.SQL - 
    [34malter[0m [34mtable[0m [34mif[0m [34mexists[0m read_statuses 
       [34madd[0m [34mconstraint[0m FKml3k4wr9sj5yxrmj6d0aoib2e 
       [34mforeign[0m [34mkey[0m (user_id) 
       [34mreferences[0m users
26-03-30 18:47:00.953 [Test worker] DEBUG org.hibernate.SQL - 
    [34malter[0m [34mtable[0m [34mif[0m [34mexists[0m user_statuses 
       [34madd[0m [34mconstraint[0m FK4lfl3ei2ubchgcxrrpo3pw4mm 
       [34mforeign[0m [34mkey[0m (user_id) 
       [34mreferences[0m users
26-03-30 18:47:00.953 [Test worker] DEBUG org.hibernate.SQL - 
    [34malter[0m [34mtable[0m [34mif[0m [34mexists[0m users 
       [34madd[0m [34mconstraint[0m FKtbudycgrip49xdptogmhfqnso 
       [34mforeign[0m [34mkey[0m (profile_id) 
       [34mreferences[0m binary_contents
26-03-30 18:47:00.955 [Test worker] INFO  o.s.o.j.LocalContainerEntityManagerFactoryBean - Initialized JPA EntityManagerFactory for persistence unit 'default'
26-03-30 18:47:01.097 [Test worker] INFO  o.s.d.j.r.query.QueryEnhancerFactory - Hibernate is in classpath; If applicable, HQL parser will be used.
26-03-30 18:47:01.338 [Test worker] INFO  c.s.m.d.r.ChannelRepositoryTest - Started ChannelRepositoryTest in 1.277 seconds (process running for 1.613)
26-03-30 18:47:01.595 [Test worker] DEBUG org.hibernate.SQL - 
    [34minsert[0m 
    [34minto[0m
        users
        (created_at, email, password, profile_id, updated_at, username, id) 
    [34mvalues[0m
        (?, ?, ?, ?, ?, ?, ?)
26-03-30 18:47:01.597 [Test worker] TRACE org.hibernate.orm.jdbc.bind - binding parameter (1:TIMESTAMP_UTC) <- [2026-03-30T09:47:01.567063Z]
26-03-30 18:47:01.598 [Test worker] TRACE org.hibernate.orm.jdbc.bind - binding parameter (2:VARCHAR) <- [target@test.com]
26-03-30 18:47:01.599 [Test worker] TRACE org.hibernate.orm.jdbc.bind - binding parameter (3:VARCHAR) <- [asdf1234]
26-03-30 18:47:01.599 [Test worker] TRACE org.hibernate.orm.jdbc.bind - binding parameter (4:UUID) <- [null]
26-03-30 18:47:01.599 [Test worker] TRACE org.hibernate.orm.jdbc.bind - binding parameter (5:TIMESTAMP_UTC) <- [2026-03-30T09:47:01.567063Z]
26-03-30 18:47:01.599 [Test worker] TRACE org.hibernate.orm.jdbc.bind - binding parameter (6:VARCHAR) <- [tester]
26-03-30 18:47:01.599 [Test worker] TRACE org.hibernate.orm.jdbc.bind - binding parameter (7:UUID) <- [4dd3da83-4d8e-43c8-8ddd-609e7c0c1ba1]
26-03-30 18:47:01.603 [Test worker] DEBUG org.hibernate.SQL - 
    [34minsert[0m 
    [34minto[0m
        users
        (created_at, email, password, profile_id, updated_at, username, id) 
    [34mvalues[0m
        (?, ?, ?, ?, ?, ?, ?)
26-03-30 18:47:01.603 [Test worker] TRACE org.hibernate.orm.jdbc.bind - binding parameter (1:TIMESTAMP_UTC) <- [2026-03-30T09:47:01.574066Z]
26-03-30 18:47:01.603 [Test worker] TRACE org.hibernate.orm.jdbc.bind - binding parameter (2:VARCHAR) <- [other@test.com]
26-03-30 18:47:01.603 [Test worker] TRACE org.hibernate.orm.jdbc.bind - binding parameter (3:VARCHAR) <- [pass]
26-03-30 18:47:01.603 [Test worker] TRACE org.hibernate.orm.jdbc.bind - binding parameter (4:UUID) <- [null]
26-03-30 18:47:01.603 [Test worker] TRACE org.hibernate.orm.jdbc.bind - binding parameter (5:TIMESTAMP_UTC) <- [2026-03-30T09:47:01.574066Z]
26-03-30 18:47:01.603 [Test worker] TRACE org.hibernate.orm.jdbc.bind - binding parameter (6:VARCHAR) <- [otherUser]
26-03-30 18:47:01.603 [Test worker] TRACE org.hibernate.orm.jdbc.bind - binding parameter (7:UUID) <- [7fd702de-d927-4c11-994d-b66747ca7526]
26-03-30 18:47:01.604 [Test worker] DEBUG org.hibernate.SQL - 
    [34minsert[0m 
    [34minto[0m
        channels
        (created_at, description, name, type, updated_at, id) 
    [34mvalues[0m
        (?, ?, ?, ?, ?, ?)
26-03-30 18:47:01.604 [Test worker] TRACE org.hibernate.orm.jdbc.bind - binding parameter (1:TIMESTAMP_UTC) <- [2026-03-30T09:47:01.574718Z]
26-03-30 18:47:01.604 [Test worker] TRACE org.hibernate.orm.jdbc.bind - binding parameter (2:VARCHAR) <- [description]
26-03-30 18:47:01.604 [Test worker] TRACE org.hibernate.orm.jdbc.bind - binding parameter (3:VARCHAR) <- [Public]
26-03-30 18:47:01.604 [Test worker] TRACE org.hibernate.orm.jdbc.bind - binding parameter (4:ENUM) <- [PUBLIC]
26-03-30 18:47:01.604 [Test worker] TRACE org.hibernate.orm.jdbc.bind - binding parameter (5:TIMESTAMP_UTC) <- [2026-03-30T09:47:01.574718Z]
26-03-30 18:47:01.604 [Test worker] TRACE org.hibernate.orm.jdbc.bind - binding parameter (6:UUID) <- [5c5227a5-9c69-4010-9429-fb7eddb5d6e3]
26-03-30 18:47:01.604 [Test worker] DEBUG org.hibernate.SQL - 
    [34minsert[0m 
    [34minto[0m
        channels
        (created_at, description, name, type, updated_at, id) 
    [34mvalues[0m
        (?, ?, ?, ?, ?, ?)
26-03-30 18:47:01.605 [Test worker] TRACE org.hibernate.orm.jdbc.bind - binding parameter (1:TIMESTAMP_UTC) <- [2026-03-30T09:47:01.575759Z]
26-03-30 18:47:01.605 [Test worker] TRACE org.hibernate.orm.jdbc.bind - binding parameter (2:VARCHAR) <- [joined private description]
26-03-30 18:47:01.605 [Test worker] TRACE org.hibernate.orm.jdbc.bind - binding parameter (3:VARCHAR) <- [Joined Private]
26-03-30 18:47:01.605 [Test worker] TRACE org.hibernate.orm.jdbc.bind - binding parameter (4:ENUM) <- [PRIVATE]
26-03-30 18:47:01.605 [Test worker] TRACE org.hibernate.orm.jdbc.bind - binding parameter (5:TIMESTAMP_UTC) <- [2026-03-30T09:47:01.575759Z]
26-03-30 18:47:01.605 [Test worker] TRACE org.hibernate.orm.jdbc.bind - binding parameter (6:UUID) <- [d520d3c2-5e9a-4f68-b111-91df281725db]
26-03-30 18:47:01.605 [Test worker] DEBUG org.hibernate.SQL - 
    [34minsert[0m 
    [34minto[0m
        read_statuses
        (channel_id, created_at, last_read_at, updated_at, user_id, id) 
    [34mvalues[0m
        (?, ?, ?, ?, ?, ?)
26-03-30 18:47:01.605 [Test worker] TRACE org.hibernate.orm.jdbc.bind - binding parameter (1:UUID) <- [d520d3c2-5e9a-4f68-b111-91df281725db]
26-03-30 18:47:01.605 [Test worker] TRACE org.hibernate.orm.jdbc.bind - binding parameter (2:TIMESTAMP_UTC) <- [2026-03-30T09:47:01.576223Z]
26-03-30 18:47:01.605 [Test worker] TRACE org.hibernate.orm.jdbc.bind - binding parameter (3:TIMESTAMP_UTC) <- [2026-03-30T09:47:01.575828Z]
26-03-30 18:47:01.605 [Test worker] TRACE org.hibernate.orm.jdbc.bind - binding parameter (4:TIMESTAMP_UTC) <- [2026-03-30T09:47:01.576223Z]
26-03-30 18:47:01.606 [Test worker] TRACE org.hibernate.orm.jdbc.bind - binding parameter (5:UUID) <- [4dd3da83-4d8e-43c8-8ddd-609e7c0c1ba1]
26-03-30 18:47:01.606 [Test worker] TRACE org.hibernate.orm.jdbc.bind - binding parameter (6:UUID) <- [59ac2280-f2e8-45b8-a70b-af0191419dca]
26-03-30 18:47:01.606 [Test worker] DEBUG org.hibernate.SQL - 
    [34minsert[0m 
    [34minto[0m
        channels
        (created_at, description, name, type, updated_at, id) 
    [34mvalues[0m
        (?, ?, ?, ?, ?, ?)
26-03-30 18:47:01.606 [Test worker] TRACE org.hibernate.orm.jdbc.bind - binding parameter (1:TIMESTAMP_UTC) <- [2026-03-30T09:47:01.577244Z]
26-03-30 18:47:01.606 [Test worker] TRACE org.hibernate.orm.jdbc.bind - binding parameter (2:VARCHAR) <- [not joined private description]
26-03-30 18:47:01.606 [Test worker] TRACE org.hibernate.orm.jdbc.bind - binding parameter (3:VARCHAR) <- [Not Joined Private]
26-03-30 18:47:01.606 [Test worker] TRACE org.hibernate.orm.jdbc.bind - binding parameter (4:ENUM) <- [PRIVATE]
26-03-30 18:47:01.606 [Test worker] TRACE org.hibernate.orm.jdbc.bind - binding parameter (5:TIMESTAMP_UTC) <- [2026-03-30T09:47:01.577244Z]
26-03-30 18:47:01.606 [Test worker] TRACE org.hibernate.orm.jdbc.bind - binding parameter (6:UUID) <- [c4350cc8-ba46-4ba1-8dba-9cea6eb7c7d0]
26-03-30 18:47:01.607 [Test worker] DEBUG org.hibernate.SQL - 
    [34minsert[0m 
    [34minto[0m
        read_statuses
        (channel_id, created_at, last_read_at, updated_at, user_id, id) 
    [34mvalues[0m
        (?, ?, ?, ?, ?, ?)
26-03-30 18:47:01.607 [Test worker] TRACE org.hibernate.orm.jdbc.bind - binding parameter (1:UUID) <- [c4350cc8-ba46-4ba1-8dba-9cea6eb7c7d0]
26-03-30 18:47:01.607 [Test worker] TRACE org.hibernate.orm.jdbc.bind - binding parameter (2:TIMESTAMP_UTC) <- [2026-03-30T09:47:01.577371Z]
26-03-30 18:47:01.607 [Test worker] TRACE org.hibernate.orm.jdbc.bind - binding parameter (3:TIMESTAMP_UTC) <- [2026-03-30T09:47:01.577307Z]
26-03-30 18:47:01.607 [Test worker] TRACE org.hibernate.orm.jdbc.bind - binding parameter (4:TIMESTAMP_UTC) <- [2026-03-30T09:47:01.577371Z]
26-03-30 18:47:01.607 [Test worker] TRACE org.hibernate.orm.jdbc.bind - binding parameter (5:UUID) <- [7fd702de-d927-4c11-994d-b66747ca7526]
26-03-30 18:47:01.607 [Test worker] TRACE org.hibernate.orm.jdbc.bind - binding parameter (6:UUID) <- [de57f5de-1a61-4aec-ae6e-bbf06182c180]
26-03-30 18:47:01.610 [Test worker] DEBUG org.hibernate.SQL - 
    [34mselect[0m
        c1_0.id,
        c1_0.created_at,
        c1_0.description,
        c1_0.name,
        c1_0.type,
        c1_0.updated_at 
    [34mfrom[0m
        channels c1_0
26-03-30 18:47:01.641 [SpringApplicationShutdownHook] INFO  o.s.o.j.LocalContainerEntityManagerFactoryBean - Closing JPA EntityManagerFactory for persistence unit 'default'
26-03-30 18:47:01.642 [SpringApplicationShutdownHook] DEBUG org.hibernate.SQL - 
    [34mdrop[0m [34mtable[0m [34mif[0m [34mexists[0m binary_contents [34mcascade[0m 
26-03-30 18:47:01.643 [SpringApplicationShutdownHook] DEBUG org.hibernate.SQL - 
    [34mdrop[0m [34mtable[0m [34mif[0m [34mexists[0m channels [34mcascade[0m 
26-03-30 18:47:01.643 [SpringApplicationShutdownHook] DEBUG org.hibernate.SQL - 
    [34mdrop[0m [34mtable[0m [34mif[0m [34mexists[0m message_attachments [34mcascade[0m 
26-03-30 18:47:01.643 [SpringApplicationShutdownHook] DEBUG org.hibernate.SQL - 
    [34mdrop[0m [34mtable[0m [34mif[0m [34mexists[0m messages [34mcascade[0m 
26-03-30 18:47:01.644 [SpringApplicationShutdownHook] DEBUG org.hibernate.SQL - 
    [34mdrop[0m [34mtable[0m [34mif[0m [34mexists[0m read_statuses [34mcascade[0m 
26-03-30 18:47:01.644 [SpringApplicationShutdownHook] DEBUG org.hibernate.SQL - 
    [34mdrop[0m [34mtable[0m [34mif[0m [34mexists[0m user_statuses [34mcascade[0m 
26-03-30 18:47:01.644 [SpringApplicationShutdownHook] DEBUG org.hibernate.SQL - 
    [34mdrop[0m [34mtable[0m [34mif[0m [34mexists[0m users [34mcascade[0m 
26-03-30 18:47:06.539 [background-preinit] INFO  o.h.validator.internal.util.Version - HV000001: Hibernate Validator 8.0.1.Final
26-03-30 18:47:06.558 [Test worker] INFO  c.s.m.d.r.ChannelRepositoryTest - Starting ChannelRepositoryTest using Java 17.0.17 with PID 5533 (started by jiho in /Users/jiho/codeit/discodeit)
26-03-30 18:47:06.558 [Test worker] INFO  c.s.m.d.r.ChannelRepositoryTest - The following 1 profile is active: "test"
26-03-30 18:47:06.692 [Test worker] INFO  o.s.d.r.c.RepositoryConfigurationDelegate - Bootstrapping Spring Data JPA repositories in DEFAULT mode.
26-03-30 18:47:06.717 [Test worker] INFO  o.s.d.r.c.RepositoryConfigurationDelegate - Finished Spring Data repository scanning in 22 ms. Found 6 JPA repository interfaces.
26-03-30 18:47:06.735 [Test worker] INFO  o.s.b.t.a.j.TestDatabaseAutoConfiguration$EmbeddedDataSourceBeanFactoryPostProcessor - Replacing 'dataSource' DataSource bean with embedded version
26-03-30 18:47:06.785 [Test worker] INFO  o.s.j.d.e.EmbeddedDatabaseFactory - Starting embedded database: url='jdbc:h2:mem:4779b3e8-fc59-40d0-ac07-b19feb75b28c;DB_CLOSE_DELAY=-1;DB_CLOSE_ON_EXIT=false', username='sa'
26-03-30 18:47:06.866 [Test worker] INFO  o.h.jpa.internal.util.LogHelper - HHH000204: Processing PersistenceUnitInfo [name: default]
26-03-30 18:47:06.882 [Test worker] INFO  org.hibernate.Version - HHH000412: Hibernate ORM core version 6.6.2.Final
26-03-30 18:47:06.891 [Test worker] INFO  o.h.c.i.RegionFactoryInitiator - HHH000026: Second-level cache disabled
26-03-30 18:47:06.968 [Test worker] INFO  o.s.o.j.p.SpringPersistenceUnitInfo - No LoadTimeWeaver setup: ignoring JPA class transformer
26-03-30 18:47:06.995 [Test worker] INFO  o.hibernate.orm.connections.pooling - HHH10001005: Database info:
	Database JDBC URL [Connecting through datasource 'org.springframework.jdbc.datasource.embedded.EmbeddedDatabaseFactory$EmbeddedDataSourceProxy@3cf8a235']
	Database driver: undefined/unknown
	Database version: 2.3.232
	Autocommit mode: undefined/unknown
	Isolation level: undefined/unknown
	Minimum pool size: undefined/unknown
	Maximum pool size: undefined/unknown
26-03-30 18:47:07.301 [Test worker] INFO  o.h.e.t.j.p.i.JtaPlatformInitiator - HHH000489: No JTA platform available (set 'hibernate.transaction.jta.platform' to enable JTA platform integration)
26-03-30 18:47:07.305 [Test worker] DEBUG org.hibernate.SQL - 
    [34mdrop[0m [34mtable[0m [34mif[0m [34mexists[0m binary_contents [34mcascade[0m 
26-03-30 18:47:07.306 [Test worker] DEBUG org.hibernate.SQL - 
    [34mdrop[0m [34mtable[0m [34mif[0m [34mexists[0m channels [34mcascade[0m 
26-03-30 18:47:07.307 [Test worker] DEBUG org.hibernate.SQL - 
    [34mdrop[0m [34mtable[0m [34mif[0m [34mexists[0m message_attachments [34mcascade[0m 
26-03-30 18:47:07.307 [Test worker] DEBUG org.hibernate.SQL - 
    [34mdrop[0m [34mtable[0m [34mif[0m [34mexists[0m messages [34mcascade[0m 
26-03-30 18:47:07.307 [Test worker] DEBUG org.hibernate.SQL - 
    [34mdrop[0m [34mtable[0m [34mif[0m [34mexists[0m read_statuses [34mcascade[0m 
26-03-30 18:47:07.307 [Test worker] DEBUG org.hibernate.SQL - 
    [34mdrop[0m [34mtable[0m [34mif[0m [34mexists[0m user_statuses [34mcascade[0m 
26-03-30 18:47:07.307 [Test worker] DEBUG org.hibernate.SQL - 
    [34mdrop[0m [34mtable[0m [34mif[0m [34mexists[0m users [34mcascade[0m 
26-03-30 18:47:07.309 [Test worker] DEBUG org.hibernate.SQL - 
    [34mcreate[0m [34mtable[0m binary_contents (
        created_at [34mtimestamp[0m(6) [34mwith[0m [34mtime[0m zone [34mnot[0m [34mnull[0m,
        size [34mbigint[0m [34mnot[0m [34mnull[0m,
        id uuid [34mnot[0m [34mnull[0m,
        content_type [34mvarchar[0m(100) [34mnot[0m [34mnull[0m,
        file_name [34mvarchar[0m(255) [34mnot[0m [34mnull[0m,
        [34mprimary[0m [34mkey[0m (id)
    )
26-03-30 18:47:07.312 [Test worker] DEBUG org.hibernate.SQL - 
    [34mcreate[0m [34mtable[0m channels (
        created_at [34mtimestamp[0m(6) [34mwith[0m [34mtime[0m zone [34mnot[0m [34mnull[0m,
        updated_at [34mtimestamp[0m(6) [34mwith[0m [34mtime[0m zone,
        id uuid [34mnot[0m [34mnull[0m,
        name [34mvarchar[0m(100),
        description [34mvarchar[0m(500),
        type enum ([36m'PRIVATE'[0m,[36m'PUBLIC'[0m) [34mnot[0m [34mnull[0m,
        [34mprimary[0m [34mkey[0m (id)
    )
26-03-30 18:47:07.312 [Test worker] DEBUG org.hibernate.SQL - 
    [34mcreate[0m [34mtable[0m message_attachments (
        attachment_id uuid [34mnot[0m [34mnull[0m [34munique[0m,
        message_id uuid [34mnot[0m [34mnull[0m
    )
26-03-30 18:47:07.313 [Test worker] DEBUG org.hibernate.SQL - 
    [34mcreate[0m [34mtable[0m messages (
        created_at [34mtimestamp[0m(6) [34mwith[0m [34mtime[0m zone [34mnot[0m [34mnull[0m,
        updated_at [34mtimestamp[0m(6) [34mwith[0m [34mtime[0m zone,
        author_id uuid,
        channel_id uuid [34mnot[0m [34mnull[0m,
        id uuid [34mnot[0m [34mnull[0m,
        content TEXT,
        [34mprimary[0m [34mkey[0m (id)
    )
26-03-30 18:47:07.314 [Test worker] DEBUG org.hibernate.SQL - 
    [34mcreate[0m [34mtable[0m read_statuses (
        created_at [34mtimestamp[0m(6) [34mwith[0m [34mtime[0m zone [34mnot[0m [34mnull[0m,
        last_read_at [34mtimestamp[0m(6) [34mwith[0m [34mtime[0m zone [34mnot[0m [34mnull[0m,
        updated_at [34mtimestamp[0m(6) [34mwith[0m [34mtime[0m zone,
        channel_id uuid [34mnot[0m [34mnull[0m,
        id uuid [34mnot[0m [34mnull[0m,
        user_id uuid [34mnot[0m [34mnull[0m,
        [34mprimary[0m [34mkey[0m (id),
        [34mconstraint[0m uk_read_statuses_user_channel [34munique[0m (user_id, channel_id)
    )
26-03-30 18:47:07.315 [Test worker] DEBUG org.hibernate.SQL - 
    [34mcreate[0m [34mtable[0m user_statuses (
        created_at [34mtimestamp[0m(6) [34mwith[0m [34mtime[0m zone [34mnot[0m [34mnull[0m,
        last_active_at [34mtimestamp[0m(6) [34mwith[0m [34mtime[0m zone [34mnot[0m [34mnull[0m,
        updated_at [34mtimestamp[0m(6) [34mwith[0m [34mtime[0m zone,
        id uuid [34mnot[0m [34mnull[0m,
        user_id uuid [34mnot[0m [34mnull[0m [34munique[0m,
        [34mprimary[0m [34mkey[0m (id)
    )
26-03-30 18:47:07.316 [Test worker] DEBUG org.hibernate.SQL - 
    [34mcreate[0m [34mtable[0m users (
        created_at [34mtimestamp[0m(6) [34mwith[0m [34mtime[0m zone [34mnot[0m [34mnull[0m,
        updated_at [34mtimestamp[0m(6) [34mwith[0m [34mtime[0m zone,
        id uuid [34mnot[0m [34mnull[0m,
        profile_id uuid [34munique[0m,
        username [34mvarchar[0m(50) [34mnot[0m [34mnull[0m [34munique[0m,
        password [34mvarchar[0m(60) [34mnot[0m [34mnull[0m,
        email [34mvarchar[0m(100) [34mnot[0m [34mnull[0m [34munique[0m,
        [34mprimary[0m [34mkey[0m (id)
    )
26-03-30 18:47:07.318 [Test worker] DEBUG org.hibernate.SQL - 
    [34malter[0m [34mtable[0m [34mif[0m [34mexists[0m message_attachments 
       [34madd[0m [34mconstraint[0m FKsd1m8rb8jcpbcnb7rpdue7ctc 
       [34mforeign[0m [34mkey[0m (attachment_id) 
       [34mreferences[0m binary_contents
26-03-30 18:47:07.322 [Test worker] DEBUG org.hibernate.SQL - 
    [34malter[0m [34mtable[0m [34mif[0m [34mexists[0m message_attachments 
       [34madd[0m [34mconstraint[0m FKj7twd218e2gqw9cmlhwvo1rth 
       [34mforeign[0m [34mkey[0m (message_id) 
       [34mreferences[0m messages
26-03-30 18:47:07.323 [Test worker] DEBUG org.hibernate.SQL - 
    [34malter[0m [34mtable[0m [34mif[0m [34mexists[0m messages 
       [34madd[0m [34mconstraint[0m FKowtlim26svclkatusptbgi7u1 
       [34mforeign[0m [34mkey[0m (author_id) 
       [34mreferences[0m users
26-03-30 18:47:07.324 [Test worker] DEBUG org.hibernate.SQL - 
    [34malter[0m [34mtable[0m [34mif[0m [34mexists[0m messages 
       [34madd[0m [34mconstraint[0m FK3u3ckbhwq9se1cmopk2pq05b2 
       [34mforeign[0m [34mkey[0m (channel_id) 
       [34mreferences[0m channels
26-03-30 18:47:07.325 [Test worker] DEBUG org.hibernate.SQL - 
    [34malter[0m [34mtable[0m [34mif[0m [34mexists[0m read_statuses 
       [34madd[0m [34mconstraint[0m FKa38ri44ml4gfdpklx4ahqr8gd 
       [34mforeign[0m [34mkey[0m (channel_id) 
       [34mreferences[0m channels
26-03-30 18:47:07.325 [Test worker] DEBUG org.hibernate.SQL - 
    [34malter[0m [34mtable[0m [34mif[0m [34mexists[0m read_statuses 
       [34madd[0m [34mconstraint[0m FKml3k4wr9sj5yxrmj6d0aoib2e 
       [34mforeign[0m [34mkey[0m (user_id) 
       [34mreferences[0m users
26-03-30 18:47:07.326 [Test worker] DEBUG org.hibernate.SQL - 
    [34malter[0m [34mtable[0m [34mif[0m [34mexists[0m user_statuses 
       [34madd[0m [34mconstraint[0m FK4lfl3ei2ubchgcxrrpo3pw4mm 
       [34mforeign[0m [34mkey[0m (user_id) 
       [34mreferences[0m users
26-03-30 18:47:07.327 [Test worker] DEBUG org.hibernate.SQL - 
    [34malter[0m [34mtable[0m [34mif[0m [34mexists[0m users 
       [34madd[0m [34mconstraint[0m FKtbudycgrip49xdptogmhfqnso 
       [34mforeign[0m [34mkey[0m (profile_id) 
       [34mreferences[0m binary_contents
26-03-30 18:47:07.329 [Test worker] INFO  o.s.o.j.LocalContainerEntityManagerFactoryBean - Initialized JPA EntityManagerFactory for persistence unit 'default'
26-03-30 18:47:07.453 [Test worker] INFO  o.s.d.j.r.query.QueryEnhancerFactory - Hibernate is in classpath; If applicable, HQL parser will be used.
26-03-30 18:47:07.657 [Test worker] INFO  c.s.m.d.r.ChannelRepositoryTest - Started ChannelRepositoryTest in 1.233 seconds (process running for 1.581)
26-03-30 18:47:07.915 [Test worker] DEBUG org.hibernate.SQL - 
    [34minsert[0m 
    [34minto[0m
        users
        (created_at, email, password, profile_id, updated_at, username, id) 
    [34mvalues[0m
        (?, ?, ?, ?, ?, ?, ?)
26-03-30 18:47:07.917 [Test worker] TRACE org.hibernate.orm.jdbc.bind - binding parameter (1:TIMESTAMP_UTC) <- [2026-03-30T09:47:07.884308Z]
26-03-30 18:47:07.919 [Test worker] TRACE org.hibernate.orm.jdbc.bind - binding parameter (2:VARCHAR) <- [target@test.com]
26-03-30 18:47:07.919 [Test worker] TRACE org.hibernate.orm.jdbc.bind - binding parameter (3:VARCHAR) <- [asdf1234]
26-03-30 18:47:07.919 [Test worker] TRACE org.hibernate.orm.jdbc.bind - binding parameter (4:UUID) <- [null]
26-03-30 18:47:07.919 [Test worker] TRACE org.hibernate.orm.jdbc.bind - binding parameter (5:TIMESTAMP_UTC) <- [2026-03-30T09:47:07.884308Z]
26-03-30 18:47:07.919 [Test worker] TRACE org.hibernate.orm.jdbc.bind - binding parameter (6:VARCHAR) <- [tester]
26-03-30 18:47:07.919 [Test worker] TRACE org.hibernate.orm.jdbc.bind - binding parameter (7:UUID) <- [dea87973-4dd0-47e8-964e-3c0d3476d74c]
26-03-30 18:47:07.923 [Test worker] DEBUG org.hibernate.SQL - 
    [34minsert[0m 
    [34minto[0m
        users
        (created_at, email, password, profile_id, updated_at, username, id) 
    [34mvalues[0m
        (?, ?, ?, ?, ?, ?, ?)
26-03-30 18:47:07.924 [Test worker] TRACE org.hibernate.orm.jdbc.bind - binding parameter (1:TIMESTAMP_UTC) <- [2026-03-30T09:47:07.890502Z]
26-03-30 18:47:07.924 [Test worker] TRACE org.hibernate.orm.jdbc.bind - binding parameter (2:VARCHAR) <- [other@test.com]
26-03-30 18:47:07.924 [Test worker] TRACE org.hibernate.orm.jdbc.bind - binding parameter (3:VARCHAR) <- [pass]
26-03-30 18:47:07.924 [Test worker] TRACE org.hibernate.orm.jdbc.bind - binding parameter (4:UUID) <- [null]
26-03-30 18:47:07.924 [Test worker] TRACE org.hibernate.orm.jdbc.bind - binding parameter (5:TIMESTAMP_UTC) <- [2026-03-30T09:47:07.890502Z]
26-03-30 18:47:07.924 [Test worker] TRACE org.hibernate.orm.jdbc.bind - binding parameter (6:VARCHAR) <- [otherUser]
26-03-30 18:47:07.924 [Test worker] TRACE org.hibernate.orm.jdbc.bind - binding parameter (7:UUID) <- [23423d37-68cf-4b0a-a098-83d21c77a269]
26-03-30 18:47:07.924 [Test worker] DEBUG org.hibernate.SQL - 
    [34minsert[0m 
    [34minto[0m
        channels
        (created_at, description, name, type, updated_at, id) 
    [34mvalues[0m
        (?, ?, ?, ?, ?, ?)
26-03-30 18:47:07.924 [Test worker] TRACE org.hibernate.orm.jdbc.bind - binding parameter (1:TIMESTAMP_UTC) <- [2026-03-30T09:47:07.891101Z]
26-03-30 18:47:07.924 [Test worker] TRACE org.hibernate.orm.jdbc.bind - binding parameter (2:VARCHAR) <- [description]
26-03-30 18:47:07.924 [Test worker] TRACE org.hibernate.orm.jdbc.bind - binding parameter (3:VARCHAR) <- [Public]
26-03-30 18:47:07.924 [Test worker] TRACE org.hibernate.orm.jdbc.bind - binding parameter (4:ENUM) <- [PUBLIC]
26-03-30 18:47:07.925 [Test worker] TRACE org.hibernate.orm.jdbc.bind - binding parameter (5:TIMESTAMP_UTC) <- [2026-03-30T09:47:07.891101Z]
26-03-30 18:47:07.925 [Test worker] TRACE org.hibernate.orm.jdbc.bind - binding parameter (6:UUID) <- [6986bbff-eeca-494c-8d17-ac5949616c7d]
26-03-30 18:47:07.925 [Test worker] DEBUG org.hibernate.SQL - 
    [34minsert[0m 
    [34minto[0m
        channels
        (created_at, description, name, type, updated_at, id) 
    [34mvalues[0m
        (?, ?, ?, ?, ?, ?)
26-03-30 18:47:07.925 [Test worker] TRACE org.hibernate.orm.jdbc.bind - binding parameter (1:TIMESTAMP_UTC) <- [2026-03-30T09:47:07.892150Z]
26-03-30 18:47:07.925 [Test worker] TRACE org.hibernate.orm.jdbc.bind - binding parameter (2:VARCHAR) <- [joined private description]
26-03-30 18:47:07.925 [Test worker] TRACE org.hibernate.orm.jdbc.bind - binding parameter (3:VARCHAR) <- [Joined Private]
26-03-30 18:47:07.925 [Test worker] TRACE org.hibernate.orm.jdbc.bind - binding parameter (4:ENUM) <- [PRIVATE]
26-03-30 18:47:07.925 [Test worker] TRACE org.hibernate.orm.jdbc.bind - binding parameter (5:TIMESTAMP_UTC) <- [2026-03-30T09:47:07.892150Z]
26-03-30 18:47:07.925 [Test worker] TRACE org.hibernate.orm.jdbc.bind - binding parameter (6:UUID) <- [2a8219a9-ecf3-43bf-b6da-fddf7b8b720f]
26-03-30 18:47:07.925 [Test worker] DEBUG org.hibernate.SQL - 
    [34minsert[0m 
    [34minto[0m
        read_statuses
        (channel_id, created_at, last_read_at, updated_at, user_id, id) 
    [34mvalues[0m
        (?, ?, ?, ?, ?, ?)
26-03-30 18:47:07.926 [Test worker] TRACE org.hibernate.orm.jdbc.bind - binding parameter (1:UUID) <- [2a8219a9-ecf3-43bf-b6da-fddf7b8b720f]
26-03-30 18:47:07.926 [Test worker] TRACE org.hibernate.orm.jdbc.bind - binding parameter (2:TIMESTAMP_UTC) <- [2026-03-30T09:47:07.892613Z]
26-03-30 18:47:07.926 [Test worker] TRACE org.hibernate.orm.jdbc.bind - binding parameter (3:TIMESTAMP_UTC) <- [2026-03-30T09:47:07.892220Z]
26-03-30 18:47:07.926 [Test worker] TRACE org.hibernate.orm.jdbc.bind - binding parameter (4:TIMESTAMP_UTC) <- [2026-03-30T09:47:07.892613Z]
26-03-30 18:47:07.926 [Test worker] TRACE org.hibernate.orm.jdbc.bind - binding parameter (5:UUID) <- [dea87973-4dd0-47e8-964e-3c0d3476d74c]
26-03-30 18:47:07.926 [Test worker] TRACE org.hibernate.orm.jdbc.bind - binding parameter (6:UUID) <- [85b688dd-d725-4cb4-a87f-00106b47dec6]
26-03-30 18:47:07.926 [Test worker] DEBUG org.hibernate.SQL - 
    [34minsert[0m 
    [34minto[0m
        channels
        (created_at, description, name, type, updated_at, id) 
    [34mvalues[0m
        (?, ?, ?, ?, ?, ?)
26-03-30 18:47:07.926 [Test worker] TRACE org.hibernate.orm.jdbc.bind - binding parameter (1:TIMESTAMP_UTC) <- [2026-03-30T09:47:07.893653Z]
26-03-30 18:47:07.926 [Test worker] TRACE org.hibernate.orm.jdbc.bind - binding parameter (2:VARCHAR) <- [not joined private description]
26-03-30 18:47:07.926 [Test worker] TRACE org.hibernate.orm.jdbc.bind - binding parameter (3:VARCHAR) <- [Not Joined Private]
26-03-30 18:47:07.926 [Test worker] TRACE org.hibernate.orm.jdbc.bind - binding parameter (4:ENUM) <- [PRIVATE]
26-03-30 18:47:07.926 [Test worker] TRACE org.hibernate.orm.jdbc.bind - binding parameter (5:TIMESTAMP_UTC) <- [2026-03-30T09:47:07.893653Z]
26-03-30 18:47:07.926 [Test worker] TRACE org.hibernate.orm.jdbc.bind - binding parameter (6:UUID) <- [999be0f9-d792-4f43-9cc6-b6abf6e8db20]
26-03-30 18:47:07.927 [Test worker] DEBUG org.hibernate.SQL - 
    [34minsert[0m 
    [34minto[0m
        read_statuses
        (channel_id, created_at, last_read_at, updated_at, user_id, id) 
    [34mvalues[0m
        (?, ?, ?, ?, ?, ?)
26-03-30 18:47:07.927 [Test worker] TRACE org.hibernate.orm.jdbc.bind - binding parameter (1:UUID) <- [999be0f9-d792-4f43-9cc6-b6abf6e8db20]
26-03-30 18:47:07.927 [Test worker] TRACE org.hibernate.orm.jdbc.bind - binding parameter (2:TIMESTAMP_UTC) <- [2026-03-30T09:47:07.893836Z]
26-03-30 18:47:07.927 [Test worker] TRACE org.hibernate.orm.jdbc.bind - binding parameter (3:TIMESTAMP_UTC) <- [2026-03-30T09:47:07.893716Z]
26-03-30 18:47:07.927 [Test worker] TRACE org.hibernate.orm.jdbc.bind - binding parameter (4:TIMESTAMP_UTC) <- [2026-03-30T09:47:07.893836Z]
26-03-30 18:47:07.927 [Test worker] TRACE org.hibernate.orm.jdbc.bind - binding parameter (5:UUID) <- [23423d37-68cf-4b0a-a098-83d21c77a269]
26-03-30 18:47:07.927 [Test worker] TRACE org.hibernate.orm.jdbc.bind - binding parameter (6:UUID) <- [13ae8851-3651-434c-87a2-2c9c3f932175]
26-03-30 18:47:07.931 [Test worker] DEBUG org.hibernate.SQL - 
    [34mselect[0m
        [34mdistinct[0m c1_0.id,
        c1_0.created_at,
        c1_0.description,
        c1_0.name,
        c1_0.type,
        c1_0.updated_at 
    [34mfrom[0m
        channels c1_0 
    [34mleft[0m [34mjoin[0m
        read_statuses rs1_0 
            [34mon[0m rs1_0.channel_id=c1_0.id 
    [34mwhere[0m
        c1_0.type=[36m'PUBLIC'[0m 
        [34mor[0m (
            c1_0.type=[36m'PRIVATE'[0m 
            [34mand[0m rs1_0.user_id=?
        )
26-03-30 18:47:07.932 [Test worker] TRACE org.hibernate.orm.jdbc.bind - binding parameter (1:UUID) <- [dea87973-4dd0-47e8-964e-3c0d3476d74c]
26-03-30 18:47:07.970 [SpringApplicationShutdownHook] INFO  o.s.o.j.LocalContainerEntityManagerFactoryBean - Closing JPA EntityManagerFactory for persistence unit 'default'
26-03-30 18:47:07.970 [SpringApplicationShutdownHook] DEBUG org.hibernate.SQL - 
    [34mdrop[0m [34mtable[0m [34mif[0m [34mexists[0m binary_contents [34mcascade[0m 
26-03-30 18:47:07.971 [SpringApplicationShutdownHook] DEBUG org.hibernate.SQL - 
    [34mdrop[0m [34mtable[0m [34mif[0m [34mexists[0m channels [34mcascade[0m 
26-03-30 18:47:07.972 [SpringApplicationShutdownHook] DEBUG org.hibernate.SQL - 
    [34mdrop[0m [34mtable[0m [34mif[0m [34mexists[0m message_attachments [34mcascade[0m 
26-03-30 18:47:07.972 [SpringApplicationShutdownHook] DEBUG org.hibernate.SQL - 
    [34mdrop[0m [34mtable[0m [34mif[0m [34mexists[0m messages [34mcascade[0m 
26-03-30 18:47:07.972 [SpringApplicationShutdownHook] DEBUG org.hibernate.SQL - 
    [34mdrop[0m [34mtable[0m [34mif[0m [34mexists[0m read_statuses [34mcascade[0m 
26-03-30 18:47:07.973 [SpringApplicationShutdownHook] DEBUG org.hibernate.SQL - 
    [34mdrop[0m [34mtable[0m [34mif[0m [34mexists[0m user_statuses [34mcascade[0m 
26-03-30 18:47:07.973 [SpringApplicationShutdownHook] DEBUG org.hibernate.SQL - 
    [34mdrop[0m [34mtable[0m [34mif[0m [34mexists[0m users [34mcascade[0m 
26-03-30 18:48:16.191 [background-preinit] INFO  o.h.validator.internal.util.Version - HV000001: Hibernate Validator 8.0.1.Final
26-03-30 18:48:16.210 [Test worker] INFO  c.s.m.d.r.ChannelRepositoryTest - Starting ChannelRepositoryTest using Java 17.0.17 with PID 5550 (started by jiho in /Users/jiho/codeit/discodeit)
26-03-30 18:48:16.210 [Test worker] INFO  c.s.m.d.r.ChannelRepositoryTest - The following 1 profile is active: "test"
26-03-30 18:48:16.339 [Test worker] INFO  o.s.d.r.c.RepositoryConfigurationDelegate - Bootstrapping Spring Data JPA repositories in DEFAULT mode.
26-03-30 18:48:16.364 [Test worker] INFO  o.s.d.r.c.RepositoryConfigurationDelegate - Finished Spring Data repository scanning in 21 ms. Found 6 JPA repository interfaces.
26-03-30 18:48:16.380 [Test worker] INFO  o.s.b.t.a.j.TestDatabaseAutoConfiguration$EmbeddedDataSourceBeanFactoryPostProcessor - Replacing 'dataSource' DataSource bean with embedded version
26-03-30 18:48:16.425 [Test worker] INFO  o.s.j.d.e.EmbeddedDatabaseFactory - Starting embedded database: url='jdbc:h2:mem:6e0e5a0e-42db-4bf7-888b-b4389f3ca636;DB_CLOSE_DELAY=-1;DB_CLOSE_ON_EXIT=false', username='sa'
26-03-30 18:48:16.512 [Test worker] INFO  o.h.jpa.internal.util.LogHelper - HHH000204: Processing PersistenceUnitInfo [name: default]
26-03-30 18:48:16.530 [Test worker] INFO  org.hibernate.Version - HHH000412: Hibernate ORM core version 6.6.2.Final
26-03-30 18:48:16.542 [Test worker] INFO  o.h.c.i.RegionFactoryInitiator - HHH000026: Second-level cache disabled
26-03-30 18:48:16.630 [Test worker] INFO  o.s.o.j.p.SpringPersistenceUnitInfo - No LoadTimeWeaver setup: ignoring JPA class transformer
26-03-30 18:48:16.661 [Test worker] INFO  o.hibernate.orm.connections.pooling - HHH10001005: Database info:
	Database JDBC URL [Connecting through datasource 'org.springframework.jdbc.datasource.embedded.EmbeddedDatabaseFactory$EmbeddedDataSourceProxy@3cf8a235']
	Database driver: undefined/unknown
	Database version: 2.3.232
	Autocommit mode: undefined/unknown
	Isolation level: undefined/unknown
	Minimum pool size: undefined/unknown
	Maximum pool size: undefined/unknown
26-03-30 18:48:16.998 [Test worker] INFO  o.h.e.t.j.p.i.JtaPlatformInitiator - HHH000489: No JTA platform available (set 'hibernate.transaction.jta.platform' to enable JTA platform integration)
26-03-30 18:48:17.003 [Test worker] DEBUG org.hibernate.SQL - 
    [34mdrop[0m [34mtable[0m [34mif[0m [34mexists[0m binary_contents [34mcascade[0m 
26-03-30 18:48:17.004 [Test worker] DEBUG org.hibernate.SQL - 
    [34mdrop[0m [34mtable[0m [34mif[0m [34mexists[0m channels [34mcascade[0m 
26-03-30 18:48:17.004 [Test worker] DEBUG org.hibernate.SQL - 
    [34mdrop[0m [34mtable[0m [34mif[0m [34mexists[0m message_attachments [34mcascade[0m 
26-03-30 18:48:17.005 [Test worker] DEBUG org.hibernate.SQL - 
    [34mdrop[0m [34mtable[0m [34mif[0m [34mexists[0m messages [34mcascade[0m 
26-03-30 18:48:17.005 [Test worker] DEBUG org.hibernate.SQL - 
    [34mdrop[0m [34mtable[0m [34mif[0m [34mexists[0m read_statuses [34mcascade[0m 
26-03-30 18:48:17.005 [Test worker] DEBUG org.hibernate.SQL - 
    [34mdrop[0m [34mtable[0m [34mif[0m [34mexists[0m user_statuses [34mcascade[0m 
26-03-30 18:48:17.005 [Test worker] DEBUG org.hibernate.SQL - 
    [34mdrop[0m [34mtable[0m [34mif[0m [34mexists[0m users [34mcascade[0m 
26-03-30 18:48:17.007 [Test worker] DEBUG org.hibernate.SQL - 
    [34mcreate[0m [34mtable[0m binary_contents (
        created_at [34mtimestamp[0m(6) [34mwith[0m [34mtime[0m zone [34mnot[0m [34mnull[0m,
        size [34mbigint[0m [34mnot[0m [34mnull[0m,
        id uuid [34mnot[0m [34mnull[0m,
        content_type [34mvarchar[0m(100) [34mnot[0m [34mnull[0m,
        file_name [34mvarchar[0m(255) [34mnot[0m [34mnull[0m,
        [34mprimary[0m [34mkey[0m (id)
    )
26-03-30 18:48:17.009 [Test worker] DEBUG org.hibernate.SQL - 
    [34mcreate[0m [34mtable[0m channels (
        created_at [34mtimestamp[0m(6) [34mwith[0m [34mtime[0m zone [34mnot[0m [34mnull[0m,
        updated_at [34mtimestamp[0m(6) [34mwith[0m [34mtime[0m zone,
        id uuid [34mnot[0m [34mnull[0m,
        name [34mvarchar[0m(100),
        description [34mvarchar[0m(500),
        type enum ([36m'PRIVATE'[0m,[36m'PUBLIC'[0m) [34mnot[0m [34mnull[0m,
        [34mprimary[0m [34mkey[0m (id)
    )
26-03-30 18:48:17.011 [Test worker] DEBUG org.hibernate.SQL - 
    [34mcreate[0m [34mtable[0m message_attachments (
        attachment_id uuid [34mnot[0m [34mnull[0m [34munique[0m,
        message_id uuid [34mnot[0m [34mnull[0m
    )
26-03-30 18:48:17.011 [Test worker] DEBUG org.hibernate.SQL - 
    [34mcreate[0m [34mtable[0m messages (
        created_at [34mtimestamp[0m(6) [34mwith[0m [34mtime[0m zone [34mnot[0m [34mnull[0m,
        updated_at [34mtimestamp[0m(6) [34mwith[0m [34mtime[0m zone,
        author_id uuid,
        channel_id uuid [34mnot[0m [34mnull[0m,
        id uuid [34mnot[0m [34mnull[0m,
        content TEXT,
        [34mprimary[0m [34mkey[0m (id)
    )
26-03-30 18:48:17.012 [Test worker] DEBUG org.hibernate.SQL - 
    [34mcreate[0m [34mtable[0m read_statuses (
        created_at [34mtimestamp[0m(6) [34mwith[0m [34mtime[0m zone [34mnot[0m [34mnull[0m,
        last_read_at [34mtimestamp[0m(6) [34mwith[0m [34mtime[0m zone [34mnot[0m [34mnull[0m,
        updated_at [34mtimestamp[0m(6) [34mwith[0m [34mtime[0m zone,
        channel_id uuid [34mnot[0m [34mnull[0m,
        id uuid [34mnot[0m [34mnull[0m,
        user_id uuid [34mnot[0m [34mnull[0m,
        [34mprimary[0m [34mkey[0m (id),
        [34mconstraint[0m uk_read_statuses_user_channel [34munique[0m (user_id, channel_id)
    )
26-03-30 18:48:17.013 [Test worker] DEBUG org.hibernate.SQL - 
    [34mcreate[0m [34mtable[0m user_statuses (
        created_at [34mtimestamp[0m(6) [34mwith[0m [34mtime[0m zone [34mnot[0m [34mnull[0m,
        last_active_at [34mtimestamp[0m(6) [34mwith[0m [34mtime[0m zone [34mnot[0m [34mnull[0m,
        updated_at [34mtimestamp[0m(6) [34mwith[0m [34mtime[0m zone,
        id uuid [34mnot[0m [34mnull[0m,
        user_id uuid [34mnot[0m [34mnull[0m [34munique[0m,
        [34mprimary[0m [34mkey[0m (id)
    )
26-03-30 18:48:17.014 [Test worker] DEBUG org.hibernate.SQL - 
    [34mcreate[0m [34mtable[0m users (
        created_at [34mtimestamp[0m(6) [34mwith[0m [34mtime[0m zone [34mnot[0m [34mnull[0m,
        updated_at [34mtimestamp[0m(6) [34mwith[0m [34mtime[0m zone,
        id uuid [34mnot[0m [34mnull[0m,
        profile_id uuid [34munique[0m,
        username [34mvarchar[0m(50) [34mnot[0m [34mnull[0m [34munique[0m,
        password [34mvarchar[0m(60) [34mnot[0m [34mnull[0m,
        email [34mvarchar[0m(100) [34mnot[0m [34mnull[0m [34munique[0m,
        [34mprimary[0m [34mkey[0m (id)
    )
26-03-30 18:48:17.016 [Test worker] DEBUG org.hibernate.SQL - 
    [34malter[0m [34mtable[0m [34mif[0m [34mexists[0m message_attachments 
       [34madd[0m [34mconstraint[0m FKsd1m8rb8jcpbcnb7rpdue7ctc 
       [34mforeign[0m [34mkey[0m (attachment_id) 
       [34mreferences[0m binary_contents
26-03-30 18:48:17.020 [Test worker] DEBUG org.hibernate.SQL - 
    [34malter[0m [34mtable[0m [34mif[0m [34mexists[0m message_attachments 
       [34madd[0m [34mconstraint[0m FKj7twd218e2gqw9cmlhwvo1rth 
       [34mforeign[0m [34mkey[0m (message_id) 
       [34mreferences[0m messages
26-03-30 18:48:17.021 [Test worker] DEBUG org.hibernate.SQL - 
    [34malter[0m [34mtable[0m [34mif[0m [34mexists[0m messages 
       [34madd[0m [34mconstraint[0m FKowtlim26svclkatusptbgi7u1 
       [34mforeign[0m [34mkey[0m (author_id) 
       [34mreferences[0m users
26-03-30 18:48:17.022 [Test worker] DEBUG org.hibernate.SQL - 
    [34malter[0m [34mtable[0m [34mif[0m [34mexists[0m messages 
       [34madd[0m [34mconstraint[0m FK3u3ckbhwq9se1cmopk2pq05b2 
       [34mforeign[0m [34mkey[0m (channel_id) 
       [34mreferences[0m channels
26-03-30 18:48:17.023 [Test worker] DEBUG org.hibernate.SQL - 
    [34malter[0m [34mtable[0m [34mif[0m [34mexists[0m read_statuses 
       [34madd[0m [34mconstraint[0m FKa38ri44ml4gfdpklx4ahqr8gd 
       [34mforeign[0m [34mkey[0m (channel_id) 
       [34mreferences[0m channels
26-03-30 18:48:17.023 [Test worker] DEBUG org.hibernate.SQL - 
    [34malter[0m [34mtable[0m [34mif[0m [34mexists[0m read_statuses 
       [34madd[0m [34mconstraint[0m FKml3k4wr9sj5yxrmj6d0aoib2e 
       [34mforeign[0m [34mkey[0m (user_id) 
       [34mreferences[0m users
26-03-30 18:48:17.024 [Test worker] DEBUG org.hibernate.SQL - 
    [34malter[0m [34mtable[0m [34mif[0m [34mexists[0m user_statuses 
       [34madd[0m [34mconstraint[0m FK4lfl3ei2ubchgcxrrpo3pw4mm 
       [34mforeign[0m [34mkey[0m (user_id) 
       [34mreferences[0m users
26-03-30 18:48:17.025 [Test worker] DEBUG org.hibernate.SQL - 
    [34malter[0m [34mtable[0m [34mif[0m [34mexists[0m users 
       [34madd[0m [34mconstraint[0m FKtbudycgrip49xdptogmhfqnso 
       [34mforeign[0m [34mkey[0m (profile_id) 
       [34mreferences[0m binary_contents
26-03-30 18:48:17.026 [Test worker] INFO  o.s.o.j.LocalContainerEntityManagerFactoryBean - Initialized JPA EntityManagerFactory for persistence unit 'default'
26-03-30 18:48:17.164 [Test worker] INFO  o.s.d.j.r.query.QueryEnhancerFactory - Hibernate is in classpath; If applicable, HQL parser will be used.
26-03-30 18:48:17.402 [Test worker] INFO  c.s.m.d.r.ChannelRepositoryTest - Started ChannelRepositoryTest in 1.326 seconds (process running for 1.658)
26-03-30 18:48:17.655 [Test worker] DEBUG org.hibernate.SQL - 
    [34minsert[0m 
    [34minto[0m
        users
        (created_at, email, password, profile_id, updated_at, username, id) 
    [34mvalues[0m
        (?, ?, ?, ?, ?, ?, ?)
26-03-30 18:48:17.657 [Test worker] TRACE org.hibernate.orm.jdbc.bind - binding parameter (1:TIMESTAMP_UTC) <- [2026-03-30T09:48:17.627125Z]
26-03-30 18:48:17.659 [Test worker] TRACE org.hibernate.orm.jdbc.bind - binding parameter (2:VARCHAR) <- [target@test.com]
26-03-30 18:48:17.659 [Test worker] TRACE org.hibernate.orm.jdbc.bind - binding parameter (3:VARCHAR) <- [asdf1234]
26-03-30 18:48:17.659 [Test worker] TRACE org.hibernate.orm.jdbc.bind - binding parameter (4:UUID) <- [null]
26-03-30 18:48:17.659 [Test worker] TRACE org.hibernate.orm.jdbc.bind - binding parameter (5:TIMESTAMP_UTC) <- [2026-03-30T09:48:17.627125Z]
26-03-30 18:48:17.659 [Test worker] TRACE org.hibernate.orm.jdbc.bind - binding parameter (6:VARCHAR) <- [tester]
26-03-30 18:48:17.659 [Test worker] TRACE org.hibernate.orm.jdbc.bind - binding parameter (7:UUID) <- [e92934b2-7fad-4565-969e-9d1bb53db941]
26-03-30 18:48:17.664 [Test worker] DEBUG org.hibernate.SQL - 
    [34minsert[0m 
    [34minto[0m
        users
        (created_at, email, password, profile_id, updated_at, username, id) 
    [34mvalues[0m
        (?, ?, ?, ?, ?, ?, ?)
26-03-30 18:48:17.665 [Test worker] TRACE org.hibernate.orm.jdbc.bind - binding parameter (1:TIMESTAMP_UTC) <- [2026-03-30T09:48:17.632784Z]
26-03-30 18:48:17.665 [Test worker] TRACE org.hibernate.orm.jdbc.bind - binding parameter (2:VARCHAR) <- [other@test.com]
26-03-30 18:48:17.665 [Test worker] TRACE org.hibernate.orm.jdbc.bind - binding parameter (3:VARCHAR) <- [pass]
26-03-30 18:48:17.665 [Test worker] TRACE org.hibernate.orm.jdbc.bind - binding parameter (4:UUID) <- [null]
26-03-30 18:48:17.665 [Test worker] TRACE org.hibernate.orm.jdbc.bind - binding parameter (5:TIMESTAMP_UTC) <- [2026-03-30T09:48:17.632784Z]
26-03-30 18:48:17.665 [Test worker] TRACE org.hibernate.orm.jdbc.bind - binding parameter (6:VARCHAR) <- [otherUser]
26-03-30 18:48:17.665 [Test worker] TRACE org.hibernate.orm.jdbc.bind - binding parameter (7:UUID) <- [97d63d78-f0f1-434c-b549-1fcbea46d285]
26-03-30 18:48:17.665 [Test worker] DEBUG org.hibernate.SQL - 
    [34minsert[0m 
    [34minto[0m
        channels
        (created_at, description, name, type, updated_at, id) 
    [34mvalues[0m
        (?, ?, ?, ?, ?, ?)
26-03-30 18:48:17.665 [Test worker] TRACE org.hibernate.orm.jdbc.bind - binding parameter (1:TIMESTAMP_UTC) <- [2026-03-30T09:48:17.633349Z]
26-03-30 18:48:17.665 [Test worker] TRACE org.hibernate.orm.jdbc.bind - binding parameter (2:VARCHAR) <- [description]
26-03-30 18:48:17.665 [Test worker] TRACE org.hibernate.orm.jdbc.bind - binding parameter (3:VARCHAR) <- [Public]
26-03-30 18:48:17.665 [Test worker] TRACE org.hibernate.orm.jdbc.bind - binding parameter (4:ENUM) <- [PUBLIC]
26-03-30 18:48:17.665 [Test worker] TRACE org.hibernate.orm.jdbc.bind - binding parameter (5:TIMESTAMP_UTC) <- [2026-03-30T09:48:17.633349Z]
26-03-30 18:48:17.666 [Test worker] TRACE org.hibernate.orm.jdbc.bind - binding parameter (6:UUID) <- [d58f8c08-022e-4be0-ba84-f393e31f33f6]
26-03-30 18:48:17.666 [Test worker] DEBUG org.hibernate.SQL - 
    [34minsert[0m 
    [34minto[0m
        channels
        (created_at, description, name, type, updated_at, id) 
    [34mvalues[0m
        (?, ?, ?, ?, ?, ?)
26-03-30 18:48:17.666 [Test worker] TRACE org.hibernate.orm.jdbc.bind - binding parameter (1:TIMESTAMP_UTC) <- [2026-03-30T09:48:17.634212Z]
26-03-30 18:48:17.666 [Test worker] TRACE org.hibernate.orm.jdbc.bind - binding parameter (2:VARCHAR) <- [joined private description]
26-03-30 18:48:17.666 [Test worker] TRACE org.hibernate.orm.jdbc.bind - binding parameter (3:VARCHAR) <- [Joined Private]
26-03-30 18:48:17.666 [Test worker] TRACE org.hibernate.orm.jdbc.bind - binding parameter (4:ENUM) <- [PRIVATE]
26-03-30 18:48:17.666 [Test worker] TRACE org.hibernate.orm.jdbc.bind - binding parameter (5:TIMESTAMP_UTC) <- [2026-03-30T09:48:17.634212Z]
26-03-30 18:48:17.666 [Test worker] TRACE org.hibernate.orm.jdbc.bind - binding parameter (6:UUID) <- [01eeadd8-195f-4918-959a-75a4c2a3460f]
26-03-30 18:48:17.666 [Test worker] DEBUG org.hibernate.SQL - 
    [34minsert[0m 
    [34minto[0m
        read_statuses
        (channel_id, created_at, last_read_at, updated_at, user_id, id) 
    [34mvalues[0m
        (?, ?, ?, ?, ?, ?)
26-03-30 18:48:17.666 [Test worker] TRACE org.hibernate.orm.jdbc.bind - binding parameter (1:UUID) <- [01eeadd8-195f-4918-959a-75a4c2a3460f]
26-03-30 18:48:17.667 [Test worker] TRACE org.hibernate.orm.jdbc.bind - binding parameter (2:TIMESTAMP_UTC) <- [2026-03-30T09:48:17.634608Z]
26-03-30 18:48:17.667 [Test worker] TRACE org.hibernate.orm.jdbc.bind - binding parameter (3:TIMESTAMP_UTC) <- [2026-03-30T09:48:17.634273Z]
26-03-30 18:48:17.667 [Test worker] TRACE org.hibernate.orm.jdbc.bind - binding parameter (4:TIMESTAMP_UTC) <- [2026-03-30T09:48:17.634608Z]
26-03-30 18:48:17.667 [Test worker] TRACE org.hibernate.orm.jdbc.bind - binding parameter (5:UUID) <- [e92934b2-7fad-4565-969e-9d1bb53db941]
26-03-30 18:48:17.667 [Test worker] TRACE org.hibernate.orm.jdbc.bind - binding parameter (6:UUID) <- [4e495491-7c36-41af-9e4a-1d34be92f21d]
26-03-30 18:48:17.667 [Test worker] DEBUG org.hibernate.SQL - 
    [34minsert[0m 
    [34minto[0m
        channels
        (created_at, description, name, type, updated_at, id) 
    [34mvalues[0m
        (?, ?, ?, ?, ?, ?)
26-03-30 18:48:17.667 [Test worker] TRACE org.hibernate.orm.jdbc.bind - binding parameter (1:TIMESTAMP_UTC) <- [2026-03-30T09:48:17.635483Z]
26-03-30 18:48:17.667 [Test worker] TRACE org.hibernate.orm.jdbc.bind - binding parameter (2:VARCHAR) <- [not joined private description]
26-03-30 18:48:17.667 [Test worker] TRACE org.hibernate.orm.jdbc.bind - binding parameter (3:VARCHAR) <- [Not Joined Private]
26-03-30 18:48:17.667 [Test worker] TRACE org.hibernate.orm.jdbc.bind - binding parameter (4:ENUM) <- [PRIVATE]
26-03-30 18:48:17.667 [Test worker] TRACE org.hibernate.orm.jdbc.bind - binding parameter (5:TIMESTAMP_UTC) <- [2026-03-30T09:48:17.635483Z]
26-03-30 18:48:17.667 [Test worker] TRACE org.hibernate.orm.jdbc.bind - binding parameter (6:UUID) <- [4ae43659-4d98-4f94-81fd-4e749b15c5d7]
26-03-30 18:48:17.667 [Test worker] DEBUG org.hibernate.SQL - 
    [34minsert[0m 
    [34minto[0m
        read_statuses
        (channel_id, created_at, last_read_at, updated_at, user_id, id) 
    [34mvalues[0m
        (?, ?, ?, ?, ?, ?)
26-03-30 18:48:17.668 [Test worker] TRACE org.hibernate.orm.jdbc.bind - binding parameter (1:UUID) <- [4ae43659-4d98-4f94-81fd-4e749b15c5d7]
26-03-30 18:48:17.668 [Test worker] TRACE org.hibernate.orm.jdbc.bind - binding parameter (2:TIMESTAMP_UTC) <- [2026-03-30T09:48:17.635602Z]
26-03-30 18:48:17.668 [Test worker] TRACE org.hibernate.orm.jdbc.bind - binding parameter (3:TIMESTAMP_UTC) <- [2026-03-30T09:48:17.635543Z]
26-03-30 18:48:17.668 [Test worker] TRACE org.hibernate.orm.jdbc.bind - binding parameter (4:TIMESTAMP_UTC) <- [2026-03-30T09:48:17.635602Z]
26-03-30 18:48:17.668 [Test worker] TRACE org.hibernate.orm.jdbc.bind - binding parameter (5:UUID) <- [97d63d78-f0f1-434c-b549-1fcbea46d285]
26-03-30 18:48:17.668 [Test worker] TRACE org.hibernate.orm.jdbc.bind - binding parameter (6:UUID) <- [c0ebee75-3a1a-4f03-ba4c-3516a42d092f]
26-03-30 18:48:17.672 [Test worker] DEBUG org.hibernate.SQL - 
    [34mselect[0m
        c1_0.id,
        c1_0.created_at,
        c1_0.description,
        c1_0.name,
        c1_0.type,
        c1_0.updated_at 
    [34mfrom[0m
        channels c1_0
26-03-30 18:48:17.700 [SpringApplicationShutdownHook] INFO  o.s.o.j.LocalContainerEntityManagerFactoryBean - Closing JPA EntityManagerFactory for persistence unit 'default'
26-03-30 18:48:17.700 [SpringApplicationShutdownHook] DEBUG org.hibernate.SQL - 
    [34mdrop[0m [34mtable[0m [34mif[0m [34mexists[0m binary_contents [34mcascade[0m 
26-03-30 18:48:17.701 [SpringApplicationShutdownHook] DEBUG org.hibernate.SQL - 
    [34mdrop[0m [34mtable[0m [34mif[0m [34mexists[0m channels [34mcascade[0m 
26-03-30 18:48:17.702 [SpringApplicationShutdownHook] DEBUG org.hibernate.SQL - 
    [34mdrop[0m [34mtable[0m [34mif[0m [34mexists[0m message_attachments [34mcascade[0m 
26-03-30 18:48:17.702 [SpringApplicationShutdownHook] DEBUG org.hibernate.SQL - 
    [34mdrop[0m [34mtable[0m [34mif[0m [34mexists[0m messages [34mcascade[0m 
26-03-30 18:48:17.702 [SpringApplicationShutdownHook] DEBUG org.hibernate.SQL - 
    [34mdrop[0m [34mtable[0m [34mif[0m [34mexists[0m read_statuses [34mcascade[0m 
26-03-30 18:48:17.702 [SpringApplicationShutdownHook] DEBUG org.hibernate.SQL - 
    [34mdrop[0m [34mtable[0m [34mif[0m [34mexists[0m user_statuses [34mcascade[0m 
26-03-30 18:48:17.703 [SpringApplicationShutdownHook] DEBUG org.hibernate.SQL - 
    [34mdrop[0m [34mtable[0m [34mif[0m [34mexists[0m users [34mcascade[0m 
26-03-30 18:50:12.474 [background-preinit] INFO  o.h.validator.internal.util.Version - HV000001: Hibernate Validator 8.0.1.Final
26-03-30 18:50:12.491 [Test worker] INFO  c.s.m.d.r.ChannelRepositoryTest - Starting ChannelRepositoryTest using Java 17.0.17 with PID 5587 (started by jiho in /Users/jiho/codeit/discodeit)
26-03-30 18:50:12.491 [Test worker] INFO  c.s.m.d.r.ChannelRepositoryTest - The following 1 profile is active: "test"
26-03-30 18:50:12.613 [Test worker] INFO  o.s.d.r.c.RepositoryConfigurationDelegate - Bootstrapping Spring Data JPA repositories in DEFAULT mode.
26-03-30 18:50:12.637 [Test worker] INFO  o.s.d.r.c.RepositoryConfigurationDelegate - Finished Spring Data repository scanning in 21 ms. Found 6 JPA repository interfaces.
26-03-30 18:50:12.655 [Test worker] INFO  o.s.b.t.a.j.TestDatabaseAutoConfiguration$EmbeddedDataSourceBeanFactoryPostProcessor - Replacing 'dataSource' DataSource bean with embedded version
26-03-30 18:50:12.702 [Test worker] INFO  o.s.j.d.e.EmbeddedDatabaseFactory - Starting embedded database: url='jdbc:h2:mem:7b02b8bc-b668-4693-8ed4-be1550c82001;DB_CLOSE_DELAY=-1;DB_CLOSE_ON_EXIT=false', username='sa'
26-03-30 18:50:12.777 [Test worker] INFO  o.h.jpa.internal.util.LogHelper - HHH000204: Processing PersistenceUnitInfo [name: default]
26-03-30 18:50:12.792 [Test worker] INFO  org.hibernate.Version - HHH000412: Hibernate ORM core version 6.6.2.Final
26-03-30 18:50:12.802 [Test worker] INFO  o.h.c.i.RegionFactoryInitiator - HHH000026: Second-level cache disabled
26-03-30 18:50:12.877 [Test worker] INFO  o.s.o.j.p.SpringPersistenceUnitInfo - No LoadTimeWeaver setup: ignoring JPA class transformer
26-03-30 18:50:12.902 [Test worker] INFO  o.hibernate.orm.connections.pooling - HHH10001005: Database info:
	Database JDBC URL [Connecting through datasource 'org.springframework.jdbc.datasource.embedded.EmbeddedDatabaseFactory$EmbeddedDataSourceProxy@6e3b2dd3']
	Database driver: undefined/unknown
	Database version: 2.3.232
	Autocommit mode: undefined/unknown
	Isolation level: undefined/unknown
	Minimum pool size: undefined/unknown
	Maximum pool size: undefined/unknown
26-03-30 18:50:13.202 [Test worker] INFO  o.h.e.t.j.p.i.JtaPlatformInitiator - HHH000489: No JTA platform available (set 'hibernate.transaction.jta.platform' to enable JTA platform integration)
26-03-30 18:50:13.207 [Test worker] DEBUG org.hibernate.SQL - 
    [34mdrop[0m [34mtable[0m [34mif[0m [34mexists[0m binary_contents [34mcascade[0m 
26-03-30 18:50:13.208 [Test worker] DEBUG org.hibernate.SQL - 
    [34mdrop[0m [34mtable[0m [34mif[0m [34mexists[0m channels [34mcascade[0m 
26-03-30 18:50:13.208 [Test worker] DEBUG org.hibernate.SQL - 
    [34mdrop[0m [34mtable[0m [34mif[0m [34mexists[0m message_attachments [34mcascade[0m 
26-03-30 18:50:13.209 [Test worker] DEBUG org.hibernate.SQL - 
    [34mdrop[0m [34mtable[0m [34mif[0m [34mexists[0m messages [34mcascade[0m 
26-03-30 18:50:13.209 [Test worker] DEBUG org.hibernate.SQL - 
    [34mdrop[0m [34mtable[0m [34mif[0m [34mexists[0m read_statuses [34mcascade[0m 
26-03-30 18:50:13.209 [Test worker] DEBUG org.hibernate.SQL - 
    [34mdrop[0m [34mtable[0m [34mif[0m [34mexists[0m user_statuses [34mcascade[0m 
26-03-30 18:50:13.209 [Test worker] DEBUG org.hibernate.SQL - 
    [34mdrop[0m [34mtable[0m [34mif[0m [34mexists[0m users [34mcascade[0m 
26-03-30 18:50:13.211 [Test worker] DEBUG org.hibernate.SQL - 
    [34mcreate[0m [34mtable[0m binary_contents (
        created_at [34mtimestamp[0m(6) [34mwith[0m [34mtime[0m zone [34mnot[0m [34mnull[0m,
        size [34mbigint[0m [34mnot[0m [34mnull[0m,
        id uuid [34mnot[0m [34mnull[0m,
        content_type [34mvarchar[0m(100) [34mnot[0m [34mnull[0m,
        file_name [34mvarchar[0m(255) [34mnot[0m [34mnull[0m,
        [34mprimary[0m [34mkey[0m (id)
    )
26-03-30 18:50:13.214 [Test worker] DEBUG org.hibernate.SQL - 
    [34mcreate[0m [34mtable[0m channels (
        created_at [34mtimestamp[0m(6) [34mwith[0m [34mtime[0m zone [34mnot[0m [34mnull[0m,
        updated_at [34mtimestamp[0m(6) [34mwith[0m [34mtime[0m zone,
        id uuid [34mnot[0m [34mnull[0m,
        name [34mvarchar[0m(100),
        description [34mvarchar[0m(500),
        type enum ([36m'PRIVATE'[0m,[36m'PUBLIC'[0m) [34mnot[0m [34mnull[0m,
        [34mprimary[0m [34mkey[0m (id)
    )
26-03-30 18:50:13.215 [Test worker] DEBUG org.hibernate.SQL - 
    [34mcreate[0m [34mtable[0m message_attachments (
        attachment_id uuid [34mnot[0m [34mnull[0m [34munique[0m,
        message_id uuid [34mnot[0m [34mnull[0m
    )
26-03-30 18:50:13.216 [Test worker] DEBUG org.hibernate.SQL - 
    [34mcreate[0m [34mtable[0m messages (
        created_at [34mtimestamp[0m(6) [34mwith[0m [34mtime[0m zone [34mnot[0m [34mnull[0m,
        updated_at [34mtimestamp[0m(6) [34mwith[0m [34mtime[0m zone,
        author_id uuid,
        channel_id uuid [34mnot[0m [34mnull[0m,
        id uuid [34mnot[0m [34mnull[0m,
        content TEXT,
        [34mprimary[0m [34mkey[0m (id)
    )
26-03-30 18:50:13.216 [Test worker] DEBUG org.hibernate.SQL - 
    [34mcreate[0m [34mtable[0m read_statuses (
        created_at [34mtimestamp[0m(6) [34mwith[0m [34mtime[0m zone [34mnot[0m [34mnull[0m,
        last_read_at [34mtimestamp[0m(6) [34mwith[0m [34mtime[0m zone [34mnot[0m [34mnull[0m,
        updated_at [34mtimestamp[0m(6) [34mwith[0m [34mtime[0m zone,
        channel_id uuid [34mnot[0m [34mnull[0m,
        id uuid [34mnot[0m [34mnull[0m,
        user_id uuid [34mnot[0m [34mnull[0m,
        [34mprimary[0m [34mkey[0m (id),
        [34mconstraint[0m uk_read_statuses_user_channel [34munique[0m (user_id, channel_id)
    )
26-03-30 18:50:13.217 [Test worker] DEBUG org.hibernate.SQL - 
    [34mcreate[0m [34mtable[0m user_statuses (
        created_at [34mtimestamp[0m(6) [34mwith[0m [34mtime[0m zone [34mnot[0m [34mnull[0m,
        last_active_at [34mtimestamp[0m(6) [34mwith[0m [34mtime[0m zone [34mnot[0m [34mnull[0m,
        updated_at [34mtimestamp[0m(6) [34mwith[0m [34mtime[0m zone,
        id uuid [34mnot[0m [34mnull[0m,
        user_id uuid [34mnot[0m [34mnull[0m [34munique[0m,
        [34mprimary[0m [34mkey[0m (id)
    )
26-03-30 18:50:13.218 [Test worker] DEBUG org.hibernate.SQL - 
    [34mcreate[0m [34mtable[0m users (
        created_at [34mtimestamp[0m(6) [34mwith[0m [34mtime[0m zone [34mnot[0m [34mnull[0m,
        updated_at [34mtimestamp[0m(6) [34mwith[0m [34mtime[0m zone,
        id uuid [34mnot[0m [34mnull[0m,
        profile_id uuid [34munique[0m,
        username [34mvarchar[0m(50) [34mnot[0m [34mnull[0m [34munique[0m,
        password [34mvarchar[0m(60) [34mnot[0m [34mnull[0m,
        email [34mvarchar[0m(100) [34mnot[0m [34mnull[0m [34munique[0m,
        [34mprimary[0m [34mkey[0m (id)
    )
26-03-30 18:50:13.220 [Test worker] DEBUG org.hibernate.SQL - 
    [34malter[0m [34mtable[0m [34mif[0m [34mexists[0m message_attachments 
       [34madd[0m [34mconstraint[0m FKsd1m8rb8jcpbcnb7rpdue7ctc 
       [34mforeign[0m [34mkey[0m (attachment_id) 
       [34mreferences[0m binary_contents
26-03-30 18:50:13.225 [Test worker] DEBUG org.hibernate.SQL - 
    [34malter[0m [34mtable[0m [34mif[0m [34mexists[0m message_attachments 
       [34madd[0m [34mconstraint[0m FKj7twd218e2gqw9cmlhwvo1rth 
       [34mforeign[0m [34mkey[0m (message_id) 
       [34mreferences[0m messages
26-03-30 18:50:13.226 [Test worker] DEBUG org.hibernate.SQL - 
    [34malter[0m [34mtable[0m [34mif[0m [34mexists[0m messages 
       [34madd[0m [34mconstraint[0m FKowtlim26svclkatusptbgi7u1 
       [34mforeign[0m [34mkey[0m (author_id) 
       [34mreferences[0m users
26-03-30 18:50:13.227 [Test worker] DEBUG org.hibernate.SQL - 
    [34malter[0m [34mtable[0m [34mif[0m [34mexists[0m messages 
       [34madd[0m [34mconstraint[0m FK3u3ckbhwq9se1cmopk2pq05b2 
       [34mforeign[0m [34mkey[0m (channel_id) 
       [34mreferences[0m channels
26-03-30 18:50:13.227 [Test worker] DEBUG org.hibernate.SQL - 
    [34malter[0m [34mtable[0m [34mif[0m [34mexists[0m read_statuses 
       [34madd[0m [34mconstraint[0m FKa38ri44ml4gfdpklx4ahqr8gd 
       [34mforeign[0m [34mkey[0m (channel_id) 
       [34mreferences[0m channels
26-03-30 18:50:13.228 [Test worker] DEBUG org.hibernate.SQL - 
    [34malter[0m [34mtable[0m [34mif[0m [34mexists[0m read_statuses 
       [34madd[0m [34mconstraint[0m FKml3k4wr9sj5yxrmj6d0aoib2e 
       [34mforeign[0m [34mkey[0m (user_id) 
       [34mreferences[0m users
26-03-30 18:50:13.229 [Test worker] DEBUG org.hibernate.SQL - 
    [34malter[0m [34mtable[0m [34mif[0m [34mexists[0m user_statuses 
       [34madd[0m [34mconstraint[0m FK4lfl3ei2ubchgcxrrpo3pw4mm 
       [34mforeign[0m [34mkey[0m (user_id) 
       [34mreferences[0m users
26-03-30 18:50:13.229 [Test worker] DEBUG org.hibernate.SQL - 
    [34malter[0m [34mtable[0m [34mif[0m [34mexists[0m users 
       [34madd[0m [34mconstraint[0m FKtbudycgrip49xdptogmhfqnso 
       [34mforeign[0m [34mkey[0m (profile_id) 
       [34mreferences[0m binary_contents
26-03-30 18:50:13.231 [Test worker] INFO  o.s.o.j.LocalContainerEntityManagerFactoryBean - Initialized JPA EntityManagerFactory for persistence unit 'default'
26-03-30 18:50:13.339 [Test worker] INFO  o.s.d.j.r.query.QueryEnhancerFactory - Hibernate is in classpath; If applicable, HQL parser will be used.
26-03-30 18:50:13.615 [Test worker] INFO  c.s.m.d.r.ChannelRepositoryTest - Started ChannelRepositoryTest in 1.246 seconds (process running for 1.567)
26-03-30 18:50:13.865 [Test worker] DEBUG org.hibernate.SQL - 
    [34minsert[0m 
    [34minto[0m
        users
        (created_at, email, password, profile_id, updated_at, username, id) 
    [34mvalues[0m
        (?, ?, ?, ?, ?, ?, ?)
26-03-30 18:50:13.867 [Test worker] TRACE org.hibernate.orm.jdbc.bind - binding parameter (1:TIMESTAMP_UTC) <- [2026-03-30T09:50:13.838625Z]
26-03-30 18:50:13.869 [Test worker] TRACE org.hibernate.orm.jdbc.bind - binding parameter (2:VARCHAR) <- [target@test.com]
26-03-30 18:50:13.869 [Test worker] TRACE org.hibernate.orm.jdbc.bind - binding parameter (3:VARCHAR) <- [asdf1234]
26-03-30 18:50:13.869 [Test worker] TRACE org.hibernate.orm.jdbc.bind - binding parameter (4:UUID) <- [null]
26-03-30 18:50:13.869 [Test worker] TRACE org.hibernate.orm.jdbc.bind - binding parameter (5:TIMESTAMP_UTC) <- [2026-03-30T09:50:13.838625Z]
26-03-30 18:50:13.869 [Test worker] TRACE org.hibernate.orm.jdbc.bind - binding parameter (6:VARCHAR) <- [tester]
26-03-30 18:50:13.869 [Test worker] TRACE org.hibernate.orm.jdbc.bind - binding parameter (7:UUID) <- [6e445384-8630-4b71-ba08-53bc90a606c0]
26-03-30 18:50:13.873 [Test worker] DEBUG org.hibernate.SQL - 
    [34minsert[0m 
    [34minto[0m
        users
        (created_at, email, password, profile_id, updated_at, username, id) 
    [34mvalues[0m
        (?, ?, ?, ?, ?, ?, ?)
26-03-30 18:50:13.873 [Test worker] TRACE org.hibernate.orm.jdbc.bind - binding parameter (1:TIMESTAMP_UTC) <- [2026-03-30T09:50:13.845254Z]
26-03-30 18:50:13.873 [Test worker] TRACE org.hibernate.orm.jdbc.bind - binding parameter (2:VARCHAR) <- [other@test.com]
26-03-30 18:50:13.873 [Test worker] TRACE org.hibernate.orm.jdbc.bind - binding parameter (3:VARCHAR) <- [pass]
26-03-30 18:50:13.874 [Test worker] TRACE org.hibernate.orm.jdbc.bind - binding parameter (4:UUID) <- [null]
26-03-30 18:50:13.874 [Test worker] TRACE org.hibernate.orm.jdbc.bind - binding parameter (5:TIMESTAMP_UTC) <- [2026-03-30T09:50:13.845254Z]
26-03-30 18:50:13.874 [Test worker] TRACE org.hibernate.orm.jdbc.bind - binding parameter (6:VARCHAR) <- [otherUser]
26-03-30 18:50:13.874 [Test worker] TRACE org.hibernate.orm.jdbc.bind - binding parameter (7:UUID) <- [bbe30199-fdce-4a96-8624-e795ef01485b]
26-03-30 18:50:13.874 [Test worker] DEBUG org.hibernate.SQL - 
    [34minsert[0m 
    [34minto[0m
        channels
        (created_at, description, name, type, updated_at, id) 
    [34mvalues[0m
        (?, ?, ?, ?, ?, ?)
26-03-30 18:50:13.874 [Test worker] TRACE org.hibernate.orm.jdbc.bind - binding parameter (1:TIMESTAMP_UTC) <- [2026-03-30T09:50:13.846027Z]
26-03-30 18:50:13.874 [Test worker] TRACE org.hibernate.orm.jdbc.bind - binding parameter (2:VARCHAR) <- [description]
26-03-30 18:50:13.874 [Test worker] TRACE org.hibernate.orm.jdbc.bind - binding parameter (3:VARCHAR) <- [Public]
26-03-30 18:50:13.874 [Test worker] TRACE org.hibernate.orm.jdbc.bind - binding parameter (4:ENUM) <- [PUBLIC]
26-03-30 18:50:13.874 [Test worker] TRACE org.hibernate.orm.jdbc.bind - binding parameter (5:TIMESTAMP_UTC) <- [2026-03-30T09:50:13.846027Z]
26-03-30 18:50:13.874 [Test worker] TRACE org.hibernate.orm.jdbc.bind - binding parameter (6:UUID) <- [7d8010a7-2393-4296-8e39-25c795813756]
26-03-30 18:50:13.874 [Test worker] DEBUG org.hibernate.SQL - 
    [34minsert[0m 
    [34minto[0m
        channels
        (created_at, description, name, type, updated_at, id) 
    [34mvalues[0m
        (?, ?, ?, ?, ?, ?)
26-03-30 18:50:13.875 [Test worker] TRACE org.hibernate.orm.jdbc.bind - binding parameter (1:TIMESTAMP_UTC) <- [2026-03-30T09:50:13.847051Z]
26-03-30 18:50:13.875 [Test worker] TRACE org.hibernate.orm.jdbc.bind - binding parameter (2:VARCHAR) <- [joined private description]
26-03-30 18:50:13.875 [Test worker] TRACE org.hibernate.orm.jdbc.bind - binding parameter (3:VARCHAR) <- [Joined Private]
26-03-30 18:50:13.875 [Test worker] TRACE org.hibernate.orm.jdbc.bind - binding parameter (4:ENUM) <- [PRIVATE]
26-03-30 18:50:13.875 [Test worker] TRACE org.hibernate.orm.jdbc.bind - binding parameter (5:TIMESTAMP_UTC) <- [2026-03-30T09:50:13.847051Z]
26-03-30 18:50:13.875 [Test worker] TRACE org.hibernate.orm.jdbc.bind - binding parameter (6:UUID) <- [edd4c50d-d1d2-46b9-a200-8fe3d0f166c4]
26-03-30 18:50:13.875 [Test worker] DEBUG org.hibernate.SQL - 
    [34minsert[0m 
    [34minto[0m
        read_statuses
        (channel_id, created_at, last_read_at, updated_at, user_id, id) 
    [34mvalues[0m
        (?, ?, ?, ?, ?, ?)
26-03-30 18:50:13.875 [Test worker] TRACE org.hibernate.orm.jdbc.bind - binding parameter (1:UUID) <- [edd4c50d-d1d2-46b9-a200-8fe3d0f166c4]
26-03-30 18:50:13.875 [Test worker] TRACE org.hibernate.orm.jdbc.bind - binding parameter (2:TIMESTAMP_UTC) <- [2026-03-30T09:50:13.847499Z]
26-03-30 18:50:13.875 [Test worker] TRACE org.hibernate.orm.jdbc.bind - binding parameter (3:TIMESTAMP_UTC) <- [2026-03-30T09:50:13.847118Z]
26-03-30 18:50:13.875 [Test worker] TRACE org.hibernate.orm.jdbc.bind - binding parameter (4:TIMESTAMP_UTC) <- [2026-03-30T09:50:13.847499Z]
26-03-30 18:50:13.876 [Test worker] TRACE org.hibernate.orm.jdbc.bind - binding parameter (5:UUID) <- [6e445384-8630-4b71-ba08-53bc90a606c0]
26-03-30 18:50:13.876 [Test worker] TRACE org.hibernate.orm.jdbc.bind - binding parameter (6:UUID) <- [f1eee752-feb6-4eb1-ac35-2d34e462afa2]
26-03-30 18:50:13.876 [Test worker] DEBUG org.hibernate.SQL - 
    [34minsert[0m 
    [34minto[0m
        channels
        (created_at, description, name, type, updated_at, id) 
    [34mvalues[0m
        (?, ?, ?, ?, ?, ?)
26-03-30 18:50:13.876 [Test worker] TRACE org.hibernate.orm.jdbc.bind - binding parameter (1:TIMESTAMP_UTC) <- [2026-03-30T09:50:13.848361Z]
26-03-30 18:50:13.876 [Test worker] TRACE org.hibernate.orm.jdbc.bind - binding parameter (2:VARCHAR) <- [not joined private description]
26-03-30 18:50:13.876 [Test worker] TRACE org.hibernate.orm.jdbc.bind - binding parameter (3:VARCHAR) <- [Not Joined Private]
26-03-30 18:50:13.876 [Test worker] TRACE org.hibernate.orm.jdbc.bind - binding parameter (4:ENUM) <- [PRIVATE]
26-03-30 18:50:13.876 [Test worker] TRACE org.hibernate.orm.jdbc.bind - binding parameter (5:TIMESTAMP_UTC) <- [2026-03-30T09:50:13.848361Z]
26-03-30 18:50:13.876 [Test worker] TRACE org.hibernate.orm.jdbc.bind - binding parameter (6:UUID) <- [6a2dc102-0a67-4893-b6c4-da029a277d55]
26-03-30 18:50:13.876 [Test worker] DEBUG org.hibernate.SQL - 
    [34minsert[0m 
    [34minto[0m
        read_statuses
        (channel_id, created_at, last_read_at, updated_at, user_id, id) 
    [34mvalues[0m
        (?, ?, ?, ?, ?, ?)
26-03-30 18:50:13.876 [Test worker] TRACE org.hibernate.orm.jdbc.bind - binding parameter (1:UUID) <- [6a2dc102-0a67-4893-b6c4-da029a277d55]
26-03-30 18:50:13.876 [Test worker] TRACE org.hibernate.orm.jdbc.bind - binding parameter (2:TIMESTAMP_UTC) <- [2026-03-30T09:50:13.848494Z]
26-03-30 18:50:13.877 [Test worker] TRACE org.hibernate.orm.jdbc.bind - binding parameter (3:TIMESTAMP_UTC) <- [2026-03-30T09:50:13.848424Z]
26-03-30 18:50:13.877 [Test worker] TRACE org.hibernate.orm.jdbc.bind - binding parameter (4:TIMESTAMP_UTC) <- [2026-03-30T09:50:13.848494Z]
26-03-30 18:50:13.877 [Test worker] TRACE org.hibernate.orm.jdbc.bind - binding parameter (5:UUID) <- [bbe30199-fdce-4a96-8624-e795ef01485b]
26-03-30 18:50:13.877 [Test worker] TRACE org.hibernate.orm.jdbc.bind - binding parameter (6:UUID) <- [55cd5a0b-e6e4-4335-9f2f-befca33a18bc]
26-03-30 18:50:13.881 [Test worker] DEBUG org.hibernate.SQL - 
    [34mselect[0m
        rs1_0.id,
        rs1_0.channel_id,
        rs1_0.created_at,
        rs1_0.last_read_at,
        rs1_0.updated_at,
        rs1_0.user_id 
    [34mfrom[0m
        read_statuses rs1_0
26-03-30 18:50:13.890 [Test worker] DEBUG org.hibernate.SQL - 
    [34mselect[0m
        c1_0.id,
        c1_0.created_at,
        c1_0.description,
        c1_0.name,
        c1_0.type,
        c1_0.updated_at 
    [34mfrom[0m
        channels c1_0
26-03-30 18:50:13.897 [Test worker] DEBUG org.hibernate.SQL - 
    [34minsert[0m 
    [34minto[0m
        users
        (created_at, email, password, profile_id, updated_at, username, id) 
    [34mvalues[0m
        (?, ?, ?, ?, ?, ?, ?)
26-03-30 18:50:13.897 [Test worker] TRACE org.hibernate.orm.jdbc.bind - binding parameter (1:TIMESTAMP_UTC) <- [2026-03-30T09:50:13.891122Z]
26-03-30 18:50:13.897 [Test worker] TRACE org.hibernate.orm.jdbc.bind - binding parameter (2:VARCHAR) <- [iso@test.com]
26-03-30 18:50:13.897 [Test worker] TRACE org.hibernate.orm.jdbc.bind - binding parameter (3:VARCHAR) <- [pass]
26-03-30 18:50:13.897 [Test worker] TRACE org.hibernate.orm.jdbc.bind - binding parameter (4:UUID) <- [null]
26-03-30 18:50:13.897 [Test worker] TRACE org.hibernate.orm.jdbc.bind - binding parameter (5:TIMESTAMP_UTC) <- [2026-03-30T09:50:13.891122Z]
26-03-30 18:50:13.897 [Test worker] TRACE org.hibernate.orm.jdbc.bind - binding parameter (6:VARCHAR) <- [isolated]
26-03-30 18:50:13.897 [Test worker] TRACE org.hibernate.orm.jdbc.bind - binding parameter (7:UUID) <- [4785f392-51b6-492c-b663-aab2cb7f522a]
26-03-30 18:50:13.898 [Test worker] DEBUG org.hibernate.SQL - 
    [34minsert[0m 
    [34minto[0m
        channels
        (created_at, description, name, type, updated_at, id) 
    [34mvalues[0m
        (?, ?, ?, ?, ?, ?)
26-03-30 18:50:13.898 [Test worker] TRACE org.hibernate.orm.jdbc.bind - binding parameter (1:TIMESTAMP_UTC) <- [2026-03-30T09:50:13.891337Z]
26-03-30 18:50:13.898 [Test worker] TRACE org.hibernate.orm.jdbc.bind - binding parameter (2:VARCHAR) <- [Desc]
26-03-30 18:50:13.898 [Test worker] TRACE org.hibernate.orm.jdbc.bind - binding parameter (3:VARCHAR) <- [Secret]
26-03-30 18:50:13.898 [Test worker] TRACE org.hibernate.orm.jdbc.bind - binding parameter (4:ENUM) <- [PRIVATE]
26-03-30 18:50:13.898 [Test worker] TRACE org.hibernate.orm.jdbc.bind - binding parameter (5:TIMESTAMP_UTC) <- [2026-03-30T09:50:13.891337Z]
26-03-30 18:50:13.898 [Test worker] TRACE org.hibernate.orm.jdbc.bind - binding parameter (6:UUID) <- [ee37956b-dff1-479d-b3e1-1398f974b5d9]
26-03-30 18:50:13.899 [Test worker] DEBUG org.hibernate.SQL - 
    [34mdelete[0m 
    [34mfrom[0m
        read_statuses 
    [34mwhere[0m
        id=?
26-03-30 18:50:13.899 [Test worker] TRACE org.hibernate.orm.jdbc.bind - binding parameter (1:UUID) <- [f1eee752-feb6-4eb1-ac35-2d34e462afa2]
26-03-30 18:50:13.900 [Test worker] DEBUG org.hibernate.SQL - 
    [34mdelete[0m 
    [34mfrom[0m
        read_statuses 
    [34mwhere[0m
        id=?
26-03-30 18:50:13.900 [Test worker] TRACE org.hibernate.orm.jdbc.bind - binding parameter (1:UUID) <- [55cd5a0b-e6e4-4335-9f2f-befca33a18bc]
26-03-30 18:50:13.900 [Test worker] DEBUG org.hibernate.SQL - 
    [34mdelete[0m 
    [34mfrom[0m
        channels 
    [34mwhere[0m
        id=?
26-03-30 18:50:13.901 [Test worker] TRACE org.hibernate.orm.jdbc.bind - binding parameter (1:UUID) <- [7d8010a7-2393-4296-8e39-25c795813756]
26-03-30 18:50:13.901 [Test worker] DEBUG org.hibernate.SQL - 
    [34mdelete[0m 
    [34mfrom[0m
        channels 
    [34mwhere[0m
        id=?
26-03-30 18:50:13.901 [Test worker] TRACE org.hibernate.orm.jdbc.bind - binding parameter (1:UUID) <- [edd4c50d-d1d2-46b9-a200-8fe3d0f166c4]
26-03-30 18:50:13.903 [Test worker] DEBUG org.hibernate.SQL - 
    [34mdelete[0m 
    [34mfrom[0m
        channels 
    [34mwhere[0m
        id=?
26-03-30 18:50:13.903 [Test worker] TRACE org.hibernate.orm.jdbc.bind - binding parameter (1:UUID) <- [6a2dc102-0a67-4893-b6c4-da029a277d55]
26-03-30 18:50:13.903 [Test worker] DEBUG org.hibernate.SQL - 
    [34mselect[0m
        [34mdistinct[0m c1_0.id,
        c1_0.created_at,
        c1_0.description,
        c1_0.name,
        c1_0.type,
        c1_0.updated_at 
    [34mfrom[0m
        channels c1_0 
    [34mleft[0m [34mjoin[0m
        read_statuses rs1_0 
            [34mon[0m rs1_0.channel_id=c1_0.id 
    [34mwhere[0m
        c1_0.type=[36m'PUBLIC'[0m 
        [34mor[0m (
            c1_0.type=[36m'PRIVATE'[0m 
            [34mand[0m rs1_0.user_id=?
        )
26-03-30 18:50:13.904 [Test worker] TRACE org.hibernate.orm.jdbc.bind - binding parameter (1:UUID) <- [4785f392-51b6-492c-b663-aab2cb7f522a]
26-03-30 18:50:13.933 [SpringApplicationShutdownHook] INFO  o.s.o.j.LocalContainerEntityManagerFactoryBean - Closing JPA EntityManagerFactory for persistence unit 'default'
26-03-30 18:50:13.934 [SpringApplicationShutdownHook] DEBUG org.hibernate.SQL - 
    [34mdrop[0m [34mtable[0m [34mif[0m [34mexists[0m binary_contents [34mcascade[0m 
26-03-30 18:50:13.934 [SpringApplicationShutdownHook] DEBUG org.hibernate.SQL - 
    [34mdrop[0m [34mtable[0m [34mif[0m [34mexists[0m channels [34mcascade[0m 
26-03-30 18:50:13.935 [SpringApplicationShutdownHook] DEBUG org.hibernate.SQL - 
    [34mdrop[0m [34mtable[0m [34mif[0m [34mexists[0m message_attachments [34mcascade[0m 
26-03-30 18:50:13.935 [SpringApplicationShutdownHook] DEBUG org.hibernate.SQL - 
    [34mdrop[0m [34mtable[0m [34mif[0m [34mexists[0m messages [34mcascade[0m 
26-03-30 18:50:13.935 [SpringApplicationShutdownHook] DEBUG org.hibernate.SQL - 
    [34mdrop[0m [34mtable[0m [34mif[0m [34mexists[0m read_statuses [34mcascade[0m 
26-03-30 18:50:13.935 [SpringApplicationShutdownHook] DEBUG org.hibernate.SQL - 
    [34mdrop[0m [34mtable[0m [34mif[0m [34mexists[0m user_statuses [34mcascade[0m 
26-03-30 18:50:13.936 [SpringApplicationShutdownHook] DEBUG org.hibernate.SQL - 
    [34mdrop[0m [34mtable[0m [34mif[0m [34mexists[0m users [34mcascade[0m 
26-03-30 19:03:53.392 [background-preinit] INFO  o.h.validator.internal.util.Version - HV000001: Hibernate Validator 8.0.1.Final
26-03-30 19:03:53.410 [Test worker] INFO  c.s.m.d.r.MessageRepositoryTest - Starting MessageRepositoryTest using Java 17.0.17 with PID 5735 (started by jiho in /Users/jiho/codeit/discodeit)
26-03-30 19:03:53.410 [Test worker] INFO  c.s.m.d.r.MessageRepositoryTest - The following 1 profile is active: "test"
26-03-30 19:03:53.560 [Test worker] INFO  o.s.d.r.c.RepositoryConfigurationDelegate - Bootstrapping Spring Data JPA repositories in DEFAULT mode.
26-03-30 19:03:53.586 [Test worker] INFO  o.s.d.r.c.RepositoryConfigurationDelegate - Finished Spring Data repository scanning in 22 ms. Found 6 JPA repository interfaces.
26-03-30 19:03:53.605 [Test worker] INFO  o.s.b.t.a.j.TestDatabaseAutoConfiguration$EmbeddedDataSourceBeanFactoryPostProcessor - Replacing 'dataSource' DataSource bean with embedded version
26-03-30 19:03:53.654 [Test worker] INFO  o.s.j.d.e.EmbeddedDatabaseFactory - Starting embedded database: url='jdbc:h2:mem:260cdca8-ce9f-46a7-ad7b-3b431b2630e2;DB_CLOSE_DELAY=-1;DB_CLOSE_ON_EXIT=false', username='sa'
26-03-30 19:03:53.736 [Test worker] INFO  o.h.jpa.internal.util.LogHelper - HHH000204: Processing PersistenceUnitInfo [name: default]
26-03-30 19:03:53.754 [Test worker] INFO  org.hibernate.Version - HHH000412: Hibernate ORM core version 6.6.2.Final
26-03-30 19:03:53.764 [Test worker] INFO  o.h.c.i.RegionFactoryInitiator - HHH000026: Second-level cache disabled
26-03-30 19:03:53.852 [Test worker] INFO  o.s.o.j.p.SpringPersistenceUnitInfo - No LoadTimeWeaver setup: ignoring JPA class transformer
26-03-30 19:03:53.881 [Test worker] INFO  o.hibernate.orm.connections.pooling - HHH10001005: Database info:
	Database JDBC URL [Connecting through datasource 'org.springframework.jdbc.datasource.embedded.EmbeddedDatabaseFactory$EmbeddedDataSourceProxy@136fece2']
	Database driver: undefined/unknown
	Database version: 2.3.232
	Autocommit mode: undefined/unknown
	Isolation level: undefined/unknown
	Minimum pool size: undefined/unknown
	Maximum pool size: undefined/unknown
26-03-30 19:03:54.179 [Test worker] INFO  o.h.e.t.j.p.i.JtaPlatformInitiator - HHH000489: No JTA platform available (set 'hibernate.transaction.jta.platform' to enable JTA platform integration)
26-03-30 19:03:54.183 [Test worker] DEBUG org.hibernate.SQL - 
    [34mdrop[0m [34mtable[0m [34mif[0m [34mexists[0m binary_contents [34mcascade[0m 
26-03-30 19:03:54.184 [Test worker] DEBUG org.hibernate.SQL - 
    [34mdrop[0m [34mtable[0m [34mif[0m [34mexists[0m channels [34mcascade[0m 
26-03-30 19:03:54.184 [Test worker] DEBUG org.hibernate.SQL - 
    [34mdrop[0m [34mtable[0m [34mif[0m [34mexists[0m message_attachments [34mcascade[0m 
26-03-30 19:03:54.184 [Test worker] DEBUG org.hibernate.SQL - 
    [34mdrop[0m [34mtable[0m [34mif[0m [34mexists[0m messages [34mcascade[0m 
26-03-30 19:03:54.185 [Test worker] DEBUG org.hibernate.SQL - 
    [34mdrop[0m [34mtable[0m [34mif[0m [34mexists[0m read_statuses [34mcascade[0m 
26-03-30 19:03:54.185 [Test worker] DEBUG org.hibernate.SQL - 
    [34mdrop[0m [34mtable[0m [34mif[0m [34mexists[0m user_statuses [34mcascade[0m 
26-03-30 19:03:54.185 [Test worker] DEBUG org.hibernate.SQL - 
    [34mdrop[0m [34mtable[0m [34mif[0m [34mexists[0m users [34mcascade[0m 
26-03-30 19:03:54.187 [Test worker] DEBUG org.hibernate.SQL - 
    [34mcreate[0m [34mtable[0m binary_contents (
        created_at [34mtimestamp[0m(6) [34mwith[0m [34mtime[0m zone [34mnot[0m [34mnull[0m,
        size [34mbigint[0m [34mnot[0m [34mnull[0m,
        id uuid [34mnot[0m [34mnull[0m,
        content_type [34mvarchar[0m(100) [34mnot[0m [34mnull[0m,
        file_name [34mvarchar[0m(255) [34mnot[0m [34mnull[0m,
        [34mprimary[0m [34mkey[0m (id)
    )
26-03-30 19:03:54.190 [Test worker] DEBUG org.hibernate.SQL - 
    [34mcreate[0m [34mtable[0m channels (
        created_at [34mtimestamp[0m(6) [34mwith[0m [34mtime[0m zone [34mnot[0m [34mnull[0m,
        updated_at [34mtimestamp[0m(6) [34mwith[0m [34mtime[0m zone,
        id uuid [34mnot[0m [34mnull[0m,
        name [34mvarchar[0m(100),
        description [34mvarchar[0m(500),
        type enum ([36m'PRIVATE'[0m,[36m'PUBLIC'[0m) [34mnot[0m [34mnull[0m,
        [34mprimary[0m [34mkey[0m (id)
    )
26-03-30 19:03:54.191 [Test worker] DEBUG org.hibernate.SQL - 
    [34mcreate[0m [34mtable[0m message_attachments (
        attachment_id uuid [34mnot[0m [34mnull[0m [34munique[0m,
        message_id uuid [34mnot[0m [34mnull[0m
    )
26-03-30 19:03:54.191 [Test worker] DEBUG org.hibernate.SQL - 
    [34mcreate[0m [34mtable[0m messages (
        created_at [34mtimestamp[0m(6) [34mwith[0m [34mtime[0m zone [34mnot[0m [34mnull[0m,
        updated_at [34mtimestamp[0m(6) [34mwith[0m [34mtime[0m zone,
        author_id uuid,
        channel_id uuid [34mnot[0m [34mnull[0m,
        id uuid [34mnot[0m [34mnull[0m,
        content TEXT,
        [34mprimary[0m [34mkey[0m (id)
    )
26-03-30 19:03:54.192 [Test worker] DEBUG org.hibernate.SQL - 
    [34mcreate[0m [34mtable[0m read_statuses (
        created_at [34mtimestamp[0m(6) [34mwith[0m [34mtime[0m zone [34mnot[0m [34mnull[0m,
        last_read_at [34mtimestamp[0m(6) [34mwith[0m [34mtime[0m zone [34mnot[0m [34mnull[0m,
        updated_at [34mtimestamp[0m(6) [34mwith[0m [34mtime[0m zone,
        channel_id uuid [34mnot[0m [34mnull[0m,
        id uuid [34mnot[0m [34mnull[0m,
        user_id uuid [34mnot[0m [34mnull[0m,
        [34mprimary[0m [34mkey[0m (id),
        [34mconstraint[0m uk_read_statuses_user_channel [34munique[0m (user_id, channel_id)
    )
26-03-30 19:03:54.193 [Test worker] DEBUG org.hibernate.SQL - 
    [34mcreate[0m [34mtable[0m user_statuses (
        created_at [34mtimestamp[0m(6) [34mwith[0m [34mtime[0m zone [34mnot[0m [34mnull[0m,
        last_active_at [34mtimestamp[0m(6) [34mwith[0m [34mtime[0m zone [34mnot[0m [34mnull[0m,
        updated_at [34mtimestamp[0m(6) [34mwith[0m [34mtime[0m zone,
        id uuid [34mnot[0m [34mnull[0m,
        user_id uuid [34mnot[0m [34mnull[0m [34munique[0m,
        [34mprimary[0m [34mkey[0m (id)
    )
26-03-30 19:03:54.194 [Test worker] DEBUG org.hibernate.SQL - 
    [34mcreate[0m [34mtable[0m users (
        created_at [34mtimestamp[0m(6) [34mwith[0m [34mtime[0m zone [34mnot[0m [34mnull[0m,
        updated_at [34mtimestamp[0m(6) [34mwith[0m [34mtime[0m zone,
        id uuid [34mnot[0m [34mnull[0m,
        profile_id uuid [34munique[0m,
        username [34mvarchar[0m(50) [34mnot[0m [34mnull[0m [34munique[0m,
        password [34mvarchar[0m(60) [34mnot[0m [34mnull[0m,
        email [34mvarchar[0m(100) [34mnot[0m [34mnull[0m [34munique[0m,
        [34mprimary[0m [34mkey[0m (id)
    )
26-03-30 19:03:54.196 [Test worker] DEBUG org.hibernate.SQL - 
    [34malter[0m [34mtable[0m [34mif[0m [34mexists[0m message_attachments 
       [34madd[0m [34mconstraint[0m FKsd1m8rb8jcpbcnb7rpdue7ctc 
       [34mforeign[0m [34mkey[0m (attachment_id) 
       [34mreferences[0m binary_contents
26-03-30 19:03:54.200 [Test worker] DEBUG org.hibernate.SQL - 
    [34malter[0m [34mtable[0m [34mif[0m [34mexists[0m message_attachments 
       [34madd[0m [34mconstraint[0m FKj7twd218e2gqw9cmlhwvo1rth 
       [34mforeign[0m [34mkey[0m (message_id) 
       [34mreferences[0m messages
26-03-30 19:03:54.201 [Test worker] DEBUG org.hibernate.SQL - 
    [34malter[0m [34mtable[0m [34mif[0m [34mexists[0m messages 
       [34madd[0m [34mconstraint[0m FKowtlim26svclkatusptbgi7u1 
       [34mforeign[0m [34mkey[0m (author_id) 
       [34mreferences[0m users
26-03-30 19:03:54.202 [Test worker] DEBUG org.hibernate.SQL - 
    [34malter[0m [34mtable[0m [34mif[0m [34mexists[0m messages 
       [34madd[0m [34mconstraint[0m FK3u3ckbhwq9se1cmopk2pq05b2 
       [34mforeign[0m [34mkey[0m (channel_id) 
       [34mreferences[0m channels
26-03-30 19:03:54.203 [Test worker] DEBUG org.hibernate.SQL - 
    [34malter[0m [34mtable[0m [34mif[0m [34mexists[0m read_statuses 
       [34madd[0m [34mconstraint[0m FKa38ri44ml4gfdpklx4ahqr8gd 
       [34mforeign[0m [34mkey[0m (channel_id) 
       [34mreferences[0m channels
26-03-30 19:03:54.203 [Test worker] DEBUG org.hibernate.SQL - 
    [34malter[0m [34mtable[0m [34mif[0m [34mexists[0m read_statuses 
       [34madd[0m [34mconstraint[0m FKml3k4wr9sj5yxrmj6d0aoib2e 
       [34mforeign[0m [34mkey[0m (user_id) 
       [34mreferences[0m users
26-03-30 19:03:54.204 [Test worker] DEBUG org.hibernate.SQL - 
    [34malter[0m [34mtable[0m [34mif[0m [34mexists[0m user_statuses 
       [34madd[0m [34mconstraint[0m FK4lfl3ei2ubchgcxrrpo3pw4mm 
       [34mforeign[0m [34mkey[0m (user_id) 
       [34mreferences[0m users
26-03-30 19:03:54.205 [Test worker] DEBUG org.hibernate.SQL - 
    [34malter[0m [34mtable[0m [34mif[0m [34mexists[0m users 
       [34madd[0m [34mconstraint[0m FKtbudycgrip49xdptogmhfqnso 
       [34mforeign[0m [34mkey[0m (profile_id) 
       [34mreferences[0m binary_contents
26-03-30 19:03:54.207 [Test worker] INFO  o.s.o.j.LocalContainerEntityManagerFactoryBean - Initialized JPA EntityManagerFactory for persistence unit 'default'
26-03-30 19:03:54.347 [Test worker] INFO  o.s.d.j.r.query.QueryEnhancerFactory - Hibernate is in classpath; If applicable, HQL parser will be used.
26-03-30 19:03:54.579 [Test worker] INFO  c.s.m.d.r.MessageRepositoryTest - Started MessageRepositoryTest in 1.304 seconds (process running for 1.656)
26-03-30 19:03:54.860 [Test worker] WARN  org.hibernate.orm.query - HHH90003004: firstResult/maxResults specified with collection fetch; applying in memory
26-03-30 19:03:54.877 [Test worker] DEBUG org.hibernate.SQL - 
    [34minsert[0m 
    [34minto[0m
        users
        (created_at, email, password, profile_id, updated_at, username, id) 
    [34mvalues[0m
        (?, ?, ?, ?, ?, ?, ?)
26-03-30 19:03:54.879 [Test worker] TRACE org.hibernate.orm.jdbc.bind - binding parameter (1:TIMESTAMP_UTC) <- [2026-03-30T10:03:54.814269Z]
26-03-30 19:03:54.881 [Test worker] TRACE org.hibernate.orm.jdbc.bind - binding parameter (2:VARCHAR) <- [author@test.com]
26-03-30 19:03:54.881 [Test worker] TRACE org.hibernate.orm.jdbc.bind - binding parameter (3:VARCHAR) <- [pass]
26-03-30 19:03:54.881 [Test worker] TRACE org.hibernate.orm.jdbc.bind - binding parameter (4:UUID) <- [null]
26-03-30 19:03:54.881 [Test worker] TRACE org.hibernate.orm.jdbc.bind - binding parameter (5:TIMESTAMP_UTC) <- [2026-03-30T10:03:54.814269Z]
26-03-30 19:03:54.881 [Test worker] TRACE org.hibernate.orm.jdbc.bind - binding parameter (6:VARCHAR) <- [author]
26-03-30 19:03:54.881 [Test worker] TRACE org.hibernate.orm.jdbc.bind - binding parameter (7:UUID) <- [22cb317e-8984-4a9c-9317-1978434cd695]
26-03-30 19:03:54.885 [Test worker] DEBUG org.hibernate.SQL - 
    [34minsert[0m 
    [34minto[0m
        channels
        (created_at, description, name, type, updated_at, id) 
    [34mvalues[0m
        (?, ?, ?, ?, ?, ?)
26-03-30 19:03:54.886 [Test worker] TRACE org.hibernate.orm.jdbc.bind - binding parameter (1:TIMESTAMP_UTC) <- [2026-03-30T10:03:54.820753Z]
26-03-30 19:03:54.886 [Test worker] TRACE org.hibernate.orm.jdbc.bind - binding parameter (2:VARCHAR) <- [Desc]
26-03-30 19:03:54.886 [Test worker] TRACE org.hibernate.orm.jdbc.bind - binding parameter (3:VARCHAR) <- [Message Channel]
26-03-30 19:03:54.886 [Test worker] TRACE org.hibernate.orm.jdbc.bind - binding parameter (4:ENUM) <- [PUBLIC]
26-03-30 19:03:54.886 [Test worker] TRACE org.hibernate.orm.jdbc.bind - binding parameter (5:TIMESTAMP_UTC) <- [2026-03-30T10:03:54.820753Z]
26-03-30 19:03:54.886 [Test worker] TRACE org.hibernate.orm.jdbc.bind - binding parameter (6:UUID) <- [0cd3e35b-67e9-492a-a6d1-87bf9d9c447a]
26-03-30 19:03:54.886 [Test worker] DEBUG org.hibernate.SQL - 
    [34minsert[0m 
    [34minto[0m
        messages
        (author_id, channel_id, content, created_at, updated_at, id) 
    [34mvalues[0m
        (?, ?, ?, ?, ?, ?)
26-03-30 19:03:54.886 [Test worker] TRACE org.hibernate.orm.jdbc.bind - binding parameter (1:UUID) <- [22cb317e-8984-4a9c-9317-1978434cd695]
26-03-30 19:03:54.887 [Test worker] TRACE org.hibernate.orm.jdbc.bind - binding parameter (2:UUID) <- [0cd3e35b-67e9-492a-a6d1-87bf9d9c447a]
26-03-30 19:03:54.887 [Test worker] TRACE org.hibernate.orm.jdbc.bind - binding parameter (3:VARCHAR) <- [First Message]
26-03-30 19:03:54.887 [Test worker] TRACE org.hibernate.orm.jdbc.bind - binding parameter (4:TIMESTAMP_UTC) <- [2026-03-30T10:03:54.822218Z]
26-03-30 19:03:54.887 [Test worker] TRACE org.hibernate.orm.jdbc.bind - binding parameter (5:TIMESTAMP_UTC) <- [2026-03-30T10:03:54.822218Z]
26-03-30 19:03:54.887 [Test worker] TRACE org.hibernate.orm.jdbc.bind - binding parameter (6:UUID) <- [67b38aee-edc1-45a2-ab72-d1405e8379bb]
26-03-30 19:03:54.887 [Test worker] DEBUG org.hibernate.SQL - 
    [34minsert[0m 
    [34minto[0m
        messages
        (author_id, channel_id, content, created_at, updated_at, id) 
    [34mvalues[0m
        (?, ?, ?, ?, ?, ?)
26-03-30 19:03:54.887 [Test worker] TRACE org.hibernate.orm.jdbc.bind - binding parameter (1:UUID) <- [22cb317e-8984-4a9c-9317-1978434cd695]
26-03-30 19:03:54.887 [Test worker] TRACE org.hibernate.orm.jdbc.bind - binding parameter (2:UUID) <- [0cd3e35b-67e9-492a-a6d1-87bf9d9c447a]
26-03-30 19:03:54.887 [Test worker] TRACE org.hibernate.orm.jdbc.bind - binding parameter (3:VARCHAR) <- [Second Message]
26-03-30 19:03:54.887 [Test worker] TRACE org.hibernate.orm.jdbc.bind - binding parameter (4:TIMESTAMP_UTC) <- [2026-03-30T10:03:54.836400Z]
26-03-30 19:03:54.888 [Test worker] TRACE org.hibernate.orm.jdbc.bind - binding parameter (5:TIMESTAMP_UTC) <- [2026-03-30T10:03:54.836400Z]
26-03-30 19:03:54.888 [Test worker] TRACE org.hibernate.orm.jdbc.bind - binding parameter (6:UUID) <- [193af895-87cd-432e-bf45-8b845cc5c8d1]
26-03-30 19:03:54.888 [Test worker] DEBUG org.hibernate.SQL - 
    [34minsert[0m 
    [34minto[0m
        messages
        (author_id, channel_id, content, created_at, updated_at, id) 
    [34mvalues[0m
        (?, ?, ?, ?, ?, ?)
26-03-30 19:03:54.888 [Test worker] TRACE org.hibernate.orm.jdbc.bind - binding parameter (1:UUID) <- [22cb317e-8984-4a9c-9317-1978434cd695]
26-03-30 19:03:54.888 [Test worker] TRACE org.hibernate.orm.jdbc.bind - binding parameter (2:UUID) <- [0cd3e35b-67e9-492a-a6d1-87bf9d9c447a]
26-03-30 19:03:54.888 [Test worker] TRACE org.hibernate.orm.jdbc.bind - binding parameter (3:VARCHAR) <- [Third Message]
26-03-30 19:03:54.888 [Test worker] TRACE org.hibernate.orm.jdbc.bind - binding parameter (4:TIMESTAMP_UTC) <- [2026-03-30T10:03:54.849219Z]
26-03-30 19:03:54.888 [Test worker] TRACE org.hibernate.orm.jdbc.bind - binding parameter (5:TIMESTAMP_UTC) <- [2026-03-30T10:03:54.849219Z]
26-03-30 19:03:54.888 [Test worker] TRACE org.hibernate.orm.jdbc.bind - binding parameter (6:UUID) <- [1b1a8c5d-6e66-4be9-b226-bd6279a4580d]
26-03-30 19:03:54.893 [Test worker] DEBUG org.hibernate.SQL - 
    [34mselect[0m
        m1_0.id,
        a1_0.message_id,
        a1_1.id,
        a1_1.content_type,
        a1_1.created_at,
        a1_1.file_name,
        a1_1.size,
        a2_0.id,
        a2_0.created_at,
        a2_0.email,
        a2_0.password,
        p1_0.id,
        p1_0.content_type,
        p1_0.created_at,
        p1_0.file_name,
        p1_0.size,
        s1_0.id,
        s1_0.created_at,
        s1_0.last_active_at,
        s1_0.updated_at,
        s1_0.user_id,
        a2_0.updated_at,
        a2_0.username,
        m1_0.channel_id,
        m1_0.content,
        m1_0.created_at,
        m1_0.updated_at 
    [34mfrom[0m
        messages m1_0 
    [34mleft[0m [34mjoin[0m
        message_attachments a1_0 
            [34mon[0m m1_0.id=a1_0.message_id 
    [34mleft[0m [34mjoin[0m
        binary_contents a1_1 
            [34mon[0m a1_1.id=a1_0.attachment_id 
    [34mleft[0m [34mjoin[0m
        users a2_0 
            [34mon[0m a2_0.id=m1_0.author_id 
    [34mleft[0m [34mjoin[0m
        binary_contents p1_0 
            [34mon[0m p1_0.id=a2_0.profile_id 
    [34mleft[0m [34mjoin[0m
        user_statuses s1_0 
            [34mon[0m a2_0.id=s1_0.user_id 
    [34mwhere[0m
        m1_0.channel_id=?
26-03-30 19:03:54.894 [Test worker] TRACE org.hibernate.orm.jdbc.bind - binding parameter (1:UUID) <- [0cd3e35b-67e9-492a-a6d1-87bf9d9c447a]
26-03-30 19:03:54.932 [SpringApplicationShutdownHook] INFO  o.s.o.j.LocalContainerEntityManagerFactoryBean - Closing JPA EntityManagerFactory for persistence unit 'default'
26-03-30 19:03:54.933 [SpringApplicationShutdownHook] DEBUG org.hibernate.SQL - 
    [34mdrop[0m [34mtable[0m [34mif[0m [34mexists[0m binary_contents [34mcascade[0m 
26-03-30 19:03:54.933 [SpringApplicationShutdownHook] DEBUG org.hibernate.SQL - 
    [34mdrop[0m [34mtable[0m [34mif[0m [34mexists[0m channels [34mcascade[0m 
26-03-30 19:03:54.934 [SpringApplicationShutdownHook] DEBUG org.hibernate.SQL - 
    [34mdrop[0m [34mtable[0m [34mif[0m [34mexists[0m message_attachments [34mcascade[0m 
26-03-30 19:03:54.934 [SpringApplicationShutdownHook] DEBUG org.hibernate.SQL - 
    [34mdrop[0m [34mtable[0m [34mif[0m [34mexists[0m messages [34mcascade[0m 
26-03-30 19:03:54.934 [SpringApplicationShutdownHook] DEBUG org.hibernate.SQL - 
    [34mdrop[0m [34mtable[0m [34mif[0m [34mexists[0m read_statuses [34mcascade[0m 
26-03-30 19:03:54.935 [SpringApplicationShutdownHook] DEBUG org.hibernate.SQL - 
    [34mdrop[0m [34mtable[0m [34mif[0m [34mexists[0m user_statuses [34mcascade[0m 
26-03-30 19:03:54.935 [SpringApplicationShutdownHook] DEBUG org.hibernate.SQL - 
    [34mdrop[0m [34mtable[0m [34mif[0m [34mexists[0m users [34mcascade[0m 
26-03-30 19:03:57.702 [background-preinit] INFO  o.h.validator.internal.util.Version - HV000001: Hibernate Validator 8.0.1.Final
26-03-30 19:03:57.720 [Test worker] INFO  c.s.m.d.r.MessageRepositoryTest - Starting MessageRepositoryTest using Java 17.0.17 with PID 5748 (started by jiho in /Users/jiho/codeit/discodeit)
26-03-30 19:03:57.720 [Test worker] INFO  c.s.m.d.r.MessageRepositoryTest - The following 1 profile is active: "test"
26-03-30 19:03:57.850 [Test worker] INFO  o.s.d.r.c.RepositoryConfigurationDelegate - Bootstrapping Spring Data JPA repositories in DEFAULT mode.
26-03-30 19:03:57.874 [Test worker] INFO  o.s.d.r.c.RepositoryConfigurationDelegate - Finished Spring Data repository scanning in 21 ms. Found 6 JPA repository interfaces.
26-03-30 19:03:57.890 [Test worker] INFO  o.s.b.t.a.j.TestDatabaseAutoConfiguration$EmbeddedDataSourceBeanFactoryPostProcessor - Replacing 'dataSource' DataSource bean with embedded version
26-03-30 19:03:57.937 [Test worker] INFO  o.s.j.d.e.EmbeddedDatabaseFactory - Starting embedded database: url='jdbc:h2:mem:473790db-94f8-425f-bd78-4ffbb2910fd1;DB_CLOSE_DELAY=-1;DB_CLOSE_ON_EXIT=false', username='sa'
26-03-30 19:03:58.014 [Test worker] INFO  o.h.jpa.internal.util.LogHelper - HHH000204: Processing PersistenceUnitInfo [name: default]
26-03-30 19:03:58.028 [Test worker] INFO  org.hibernate.Version - HHH000412: Hibernate ORM core version 6.6.2.Final
26-03-30 19:03:58.037 [Test worker] INFO  o.h.c.i.RegionFactoryInitiator - HHH000026: Second-level cache disabled
26-03-30 19:03:58.118 [Test worker] INFO  o.s.o.j.p.SpringPersistenceUnitInfo - No LoadTimeWeaver setup: ignoring JPA class transformer
26-03-30 19:03:58.144 [Test worker] INFO  o.hibernate.orm.connections.pooling - HHH10001005: Database info:
	Database JDBC URL [Connecting through datasource 'org.springframework.jdbc.datasource.embedded.EmbeddedDatabaseFactory$EmbeddedDataSourceProxy@334b392d']
	Database driver: undefined/unknown
	Database version: 2.3.232
	Autocommit mode: undefined/unknown
	Isolation level: undefined/unknown
	Minimum pool size: undefined/unknown
	Maximum pool size: undefined/unknown
26-03-30 19:03:58.441 [Test worker] INFO  o.h.e.t.j.p.i.JtaPlatformInitiator - HHH000489: No JTA platform available (set 'hibernate.transaction.jta.platform' to enable JTA platform integration)
26-03-30 19:03:58.445 [Test worker] DEBUG org.hibernate.SQL - 
    [34mdrop[0m [34mtable[0m [34mif[0m [34mexists[0m binary_contents [34mcascade[0m 
26-03-30 19:03:58.446 [Test worker] DEBUG org.hibernate.SQL - 
    [34mdrop[0m [34mtable[0m [34mif[0m [34mexists[0m channels [34mcascade[0m 
26-03-30 19:03:58.446 [Test worker] DEBUG org.hibernate.SQL - 
    [34mdrop[0m [34mtable[0m [34mif[0m [34mexists[0m message_attachments [34mcascade[0m 
26-03-30 19:03:58.446 [Test worker] DEBUG org.hibernate.SQL - 
    [34mdrop[0m [34mtable[0m [34mif[0m [34mexists[0m messages [34mcascade[0m 
26-03-30 19:03:58.447 [Test worker] DEBUG org.hibernate.SQL - 
    [34mdrop[0m [34mtable[0m [34mif[0m [34mexists[0m read_statuses [34mcascade[0m 
26-03-30 19:03:58.447 [Test worker] DEBUG org.hibernate.SQL - 
    [34mdrop[0m [34mtable[0m [34mif[0m [34mexists[0m user_statuses [34mcascade[0m 
26-03-30 19:03:58.447 [Test worker] DEBUG org.hibernate.SQL - 
    [34mdrop[0m [34mtable[0m [34mif[0m [34mexists[0m users [34mcascade[0m 
26-03-30 19:03:58.449 [Test worker] DEBUG org.hibernate.SQL - 
    [34mcreate[0m [34mtable[0m binary_contents (
        created_at [34mtimestamp[0m(6) [34mwith[0m [34mtime[0m zone [34mnot[0m [34mnull[0m,
        size [34mbigint[0m [34mnot[0m [34mnull[0m,
        id uuid [34mnot[0m [34mnull[0m,
        content_type [34mvarchar[0m(100) [34mnot[0m [34mnull[0m,
        file_name [34mvarchar[0m(255) [34mnot[0m [34mnull[0m,
        [34mprimary[0m [34mkey[0m (id)
    )
26-03-30 19:03:58.452 [Test worker] DEBUG org.hibernate.SQL - 
    [34mcreate[0m [34mtable[0m channels (
        created_at [34mtimestamp[0m(6) [34mwith[0m [34mtime[0m zone [34mnot[0m [34mnull[0m,
        updated_at [34mtimestamp[0m(6) [34mwith[0m [34mtime[0m zone,
        id uuid [34mnot[0m [34mnull[0m,
        name [34mvarchar[0m(100),
        description [34mvarchar[0m(500),
        type enum ([36m'PRIVATE'[0m,[36m'PUBLIC'[0m) [34mnot[0m [34mnull[0m,
        [34mprimary[0m [34mkey[0m (id)
    )
26-03-30 19:03:58.453 [Test worker] DEBUG org.hibernate.SQL - 
    [34mcreate[0m [34mtable[0m message_attachments (
        attachment_id uuid [34mnot[0m [34mnull[0m [34munique[0m,
        message_id uuid [34mnot[0m [34mnull[0m
    )
26-03-30 19:03:58.454 [Test worker] DEBUG org.hibernate.SQL - 
    [34mcreate[0m [34mtable[0m messages (
        created_at [34mtimestamp[0m(6) [34mwith[0m [34mtime[0m zone [34mnot[0m [34mnull[0m,
        updated_at [34mtimestamp[0m(6) [34mwith[0m [34mtime[0m zone,
        author_id uuid,
        channel_id uuid [34mnot[0m [34mnull[0m,
        id uuid [34mnot[0m [34mnull[0m,
        content TEXT,
        [34mprimary[0m [34mkey[0m (id)
    )
26-03-30 19:03:58.455 [Test worker] DEBUG org.hibernate.SQL - 
    [34mcreate[0m [34mtable[0m read_statuses (
        created_at [34mtimestamp[0m(6) [34mwith[0m [34mtime[0m zone [34mnot[0m [34mnull[0m,
        last_read_at [34mtimestamp[0m(6) [34mwith[0m [34mtime[0m zone [34mnot[0m [34mnull[0m,
        updated_at [34mtimestamp[0m(6) [34mwith[0m [34mtime[0m zone,
        channel_id uuid [34mnot[0m [34mnull[0m,
        id uuid [34mnot[0m [34mnull[0m,
        user_id uuid [34mnot[0m [34mnull[0m,
        [34mprimary[0m [34mkey[0m (id),
        [34mconstraint[0m uk_read_statuses_user_channel [34munique[0m (user_id, channel_id)
    )
26-03-30 19:03:58.456 [Test worker] DEBUG org.hibernate.SQL - 
    [34mcreate[0m [34mtable[0m user_statuses (
        created_at [34mtimestamp[0m(6) [34mwith[0m [34mtime[0m zone [34mnot[0m [34mnull[0m,
        last_active_at [34mtimestamp[0m(6) [34mwith[0m [34mtime[0m zone [34mnot[0m [34mnull[0m,
        updated_at [34mtimestamp[0m(6) [34mwith[0m [34mtime[0m zone,
        id uuid [34mnot[0m [34mnull[0m,
        user_id uuid [34mnot[0m [34mnull[0m [34munique[0m,
        [34mprimary[0m [34mkey[0m (id)
    )
26-03-30 19:03:58.456 [Test worker] DEBUG org.hibernate.SQL - 
    [34mcreate[0m [34mtable[0m users (
        created_at [34mtimestamp[0m(6) [34mwith[0m [34mtime[0m zone [34mnot[0m [34mnull[0m,
        updated_at [34mtimestamp[0m(6) [34mwith[0m [34mtime[0m zone,
        id uuid [34mnot[0m [34mnull[0m,
        profile_id uuid [34munique[0m,
        username [34mvarchar[0m(50) [34mnot[0m [34mnull[0m [34munique[0m,
        password [34mvarchar[0m(60) [34mnot[0m [34mnull[0m,
        email [34mvarchar[0m(100) [34mnot[0m [34mnull[0m [34munique[0m,
        [34mprimary[0m [34mkey[0m (id)
    )
26-03-30 19:03:58.458 [Test worker] DEBUG org.hibernate.SQL - 
    [34malter[0m [34mtable[0m [34mif[0m [34mexists[0m message_attachments 
       [34madd[0m [34mconstraint[0m FKsd1m8rb8jcpbcnb7rpdue7ctc 
       [34mforeign[0m [34mkey[0m (attachment_id) 
       [34mreferences[0m binary_contents
26-03-30 19:03:58.462 [Test worker] DEBUG org.hibernate.SQL - 
    [34malter[0m [34mtable[0m [34mif[0m [34mexists[0m message_attachments 
       [34madd[0m [34mconstraint[0m FKj7twd218e2gqw9cmlhwvo1rth 
       [34mforeign[0m [34mkey[0m (message_id) 
       [34mreferences[0m messages
26-03-30 19:03:58.463 [Test worker] DEBUG org.hibernate.SQL - 
    [34malter[0m [34mtable[0m [34mif[0m [34mexists[0m messages 
       [34madd[0m [34mconstraint[0m FKowtlim26svclkatusptbgi7u1 
       [34mforeign[0m [34mkey[0m (author_id) 
       [34mreferences[0m users
26-03-30 19:03:58.464 [Test worker] DEBUG org.hibernate.SQL - 
    [34malter[0m [34mtable[0m [34mif[0m [34mexists[0m messages 
       [34madd[0m [34mconstraint[0m FK3u3ckbhwq9se1cmopk2pq05b2 
       [34mforeign[0m [34mkey[0m (channel_id) 
       [34mreferences[0m channels
26-03-30 19:03:58.464 [Test worker] DEBUG org.hibernate.SQL - 
    [34malter[0m [34mtable[0m [34mif[0m [34mexists[0m read_statuses 
       [34madd[0m [34mconstraint[0m FKa38ri44ml4gfdpklx4ahqr8gd 
       [34mforeign[0m [34mkey[0m (channel_id) 
       [34mreferences[0m channels
26-03-30 19:03:58.465 [Test worker] DEBUG org.hibernate.SQL - 
    [34malter[0m [34mtable[0m [34mif[0m [34mexists[0m read_statuses 
       [34madd[0m [34mconstraint[0m FKml3k4wr9sj5yxrmj6d0aoib2e 
       [34mforeign[0m [34mkey[0m (user_id) 
       [34mreferences[0m users
26-03-30 19:03:58.466 [Test worker] DEBUG org.hibernate.SQL - 
    [34malter[0m [34mtable[0m [34mif[0m [34mexists[0m user_statuses 
       [34madd[0m [34mconstraint[0m FK4lfl3ei2ubchgcxrrpo3pw4mm 
       [34mforeign[0m [34mkey[0m (user_id) 
       [34mreferences[0m users
26-03-30 19:03:58.467 [Test worker] DEBUG org.hibernate.SQL - 
    [34malter[0m [34mtable[0m [34mif[0m [34mexists[0m users 
       [34madd[0m [34mconstraint[0m FKtbudycgrip49xdptogmhfqnso 
       [34mforeign[0m [34mkey[0m (profile_id) 
       [34mreferences[0m binary_contents
26-03-30 19:03:58.468 [Test worker] INFO  o.s.o.j.LocalContainerEntityManagerFactoryBean - Initialized JPA EntityManagerFactory for persistence unit 'default'
26-03-30 19:03:58.598 [Test worker] INFO  o.s.d.j.r.query.QueryEnhancerFactory - Hibernate is in classpath; If applicable, HQL parser will be used.
26-03-30 19:03:58.803 [Test worker] INFO  c.s.m.d.r.MessageRepositoryTest - Started MessageRepositoryTest in 1.213 seconds (process running for 1.547)
26-03-30 19:03:59.079 [Test worker] WARN  org.hibernate.orm.query - HHH90003004: firstResult/maxResults specified with collection fetch; applying in memory
26-03-30 19:03:59.097 [Test worker] DEBUG org.hibernate.SQL - 
    [34minsert[0m 
    [34minto[0m
        users
        (created_at, email, password, profile_id, updated_at, username, id) 
    [34mvalues[0m
        (?, ?, ?, ?, ?, ?, ?)
26-03-30 19:03:59.099 [Test worker] TRACE org.hibernate.orm.jdbc.bind - binding parameter (1:TIMESTAMP_UTC) <- [2026-03-30T10:03:59.035177Z]
26-03-30 19:03:59.101 [Test worker] TRACE org.hibernate.orm.jdbc.bind - binding parameter (2:VARCHAR) <- [author@test.com]
26-03-30 19:03:59.101 [Test worker] TRACE org.hibernate.orm.jdbc.bind - binding parameter (3:VARCHAR) <- [pass]
26-03-30 19:03:59.101 [Test worker] TRACE org.hibernate.orm.jdbc.bind - binding parameter (4:UUID) <- [null]
26-03-30 19:03:59.101 [Test worker] TRACE org.hibernate.orm.jdbc.bind - binding parameter (5:TIMESTAMP_UTC) <- [2026-03-30T10:03:59.035177Z]
26-03-30 19:03:59.101 [Test worker] TRACE org.hibernate.orm.jdbc.bind - binding parameter (6:VARCHAR) <- [author]
26-03-30 19:03:59.101 [Test worker] TRACE org.hibernate.orm.jdbc.bind - binding parameter (7:UUID) <- [afd40445-f9c2-4412-b4d1-23cfae1a06ba]
26-03-30 19:03:59.105 [Test worker] DEBUG org.hibernate.SQL - 
    [34minsert[0m 
    [34minto[0m
        channels
        (created_at, description, name, type, updated_at, id) 
    [34mvalues[0m
        (?, ?, ?, ?, ?, ?)
26-03-30 19:03:59.105 [Test worker] TRACE org.hibernate.orm.jdbc.bind - binding parameter (1:TIMESTAMP_UTC) <- [2026-03-30T10:03:59.041545Z]
26-03-30 19:03:59.105 [Test worker] TRACE org.hibernate.orm.jdbc.bind - binding parameter (2:VARCHAR) <- [Desc]
26-03-30 19:03:59.106 [Test worker] TRACE org.hibernate.orm.jdbc.bind - binding parameter (3:VARCHAR) <- [Message Channel]
26-03-30 19:03:59.106 [Test worker] TRACE org.hibernate.orm.jdbc.bind - binding parameter (4:ENUM) <- [PUBLIC]
26-03-30 19:03:59.106 [Test worker] TRACE org.hibernate.orm.jdbc.bind - binding parameter (5:TIMESTAMP_UTC) <- [2026-03-30T10:03:59.041545Z]
26-03-30 19:03:59.106 [Test worker] TRACE org.hibernate.orm.jdbc.bind - binding parameter (6:UUID) <- [af0600e6-ae10-4306-b91d-d6554db49472]
26-03-30 19:03:59.106 [Test worker] DEBUG org.hibernate.SQL - 
    [34minsert[0m 
    [34minto[0m
        messages
        (author_id, channel_id, content, created_at, updated_at, id) 
    [34mvalues[0m
        (?, ?, ?, ?, ?, ?)
26-03-30 19:03:59.106 [Test worker] TRACE org.hibernate.orm.jdbc.bind - binding parameter (1:UUID) <- [afd40445-f9c2-4412-b4d1-23cfae1a06ba]
26-03-30 19:03:59.106 [Test worker] TRACE org.hibernate.orm.jdbc.bind - binding parameter (2:UUID) <- [af0600e6-ae10-4306-b91d-d6554db49472]
26-03-30 19:03:59.106 [Test worker] TRACE org.hibernate.orm.jdbc.bind - binding parameter (3:VARCHAR) <- [First Message]
26-03-30 19:03:59.106 [Test worker] TRACE org.hibernate.orm.jdbc.bind - binding parameter (4:TIMESTAMP_UTC) <- [2026-03-30T10:03:59.042858Z]
26-03-30 19:03:59.106 [Test worker] TRACE org.hibernate.orm.jdbc.bind - binding parameter (5:TIMESTAMP_UTC) <- [2026-03-30T10:03:59.042858Z]
26-03-30 19:03:59.107 [Test worker] TRACE org.hibernate.orm.jdbc.bind - binding parameter (6:UUID) <- [3107a852-28e9-4819-bd64-2a1811cfcbe3]
26-03-30 19:03:59.107 [Test worker] DEBUG org.hibernate.SQL - 
    [34minsert[0m 
    [34minto[0m
        messages
        (author_id, channel_id, content, created_at, updated_at, id) 
    [34mvalues[0m
        (?, ?, ?, ?, ?, ?)
26-03-30 19:03:59.107 [Test worker] TRACE org.hibernate.orm.jdbc.bind - binding parameter (1:UUID) <- [afd40445-f9c2-4412-b4d1-23cfae1a06ba]
26-03-30 19:03:59.107 [Test worker] TRACE org.hibernate.orm.jdbc.bind - binding parameter (2:UUID) <- [af0600e6-ae10-4306-b91d-d6554db49472]
26-03-30 19:03:59.107 [Test worker] TRACE org.hibernate.orm.jdbc.bind - binding parameter (3:VARCHAR) <- [Second Message]
26-03-30 19:03:59.107 [Test worker] TRACE org.hibernate.orm.jdbc.bind - binding parameter (4:TIMESTAMP_UTC) <- [2026-03-30T10:03:59.058065Z]
26-03-30 19:03:59.107 [Test worker] TRACE org.hibernate.orm.jdbc.bind - binding parameter (5:TIMESTAMP_UTC) <- [2026-03-30T10:03:59.058065Z]
26-03-30 19:03:59.107 [Test worker] TRACE org.hibernate.orm.jdbc.bind - binding parameter (6:UUID) <- [5778107c-278d-483b-a9cb-f3950f841fe7]
26-03-30 19:03:59.108 [Test worker] DEBUG org.hibernate.SQL - 
    [34minsert[0m 
    [34minto[0m
        messages
        (author_id, channel_id, content, created_at, updated_at, id) 
    [34mvalues[0m
        (?, ?, ?, ?, ?, ?)
26-03-30 19:03:59.108 [Test worker] TRACE org.hibernate.orm.jdbc.bind - binding parameter (1:UUID) <- [afd40445-f9c2-4412-b4d1-23cfae1a06ba]
26-03-30 19:03:59.108 [Test worker] TRACE org.hibernate.orm.jdbc.bind - binding parameter (2:UUID) <- [af0600e6-ae10-4306-b91d-d6554db49472]
26-03-30 19:03:59.108 [Test worker] TRACE org.hibernate.orm.jdbc.bind - binding parameter (3:VARCHAR) <- [Third Message]
26-03-30 19:03:59.108 [Test worker] TRACE org.hibernate.orm.jdbc.bind - binding parameter (4:TIMESTAMP_UTC) <- [2026-03-30T10:03:59.068440Z]
26-03-30 19:03:59.108 [Test worker] TRACE org.hibernate.orm.jdbc.bind - binding parameter (5:TIMESTAMP_UTC) <- [2026-03-30T10:03:59.068440Z]
26-03-30 19:03:59.108 [Test worker] TRACE org.hibernate.orm.jdbc.bind - binding parameter (6:UUID) <- [f6da7abb-2c5a-475c-8e69-80acc74f2a98]
26-03-30 19:03:59.112 [Test worker] DEBUG org.hibernate.SQL - 
    [34mselect[0m
        m1_0.id,
        a1_0.message_id,
        a1_1.id,
        a1_1.content_type,
        a1_1.created_at,
        a1_1.file_name,
        a1_1.size,
        a2_0.id,
        a2_0.created_at,
        a2_0.email,
        a2_0.password,
        p1_0.id,
        p1_0.content_type,
        p1_0.created_at,
        p1_0.file_name,
        p1_0.size,
        s1_0.id,
        s1_0.created_at,
        s1_0.last_active_at,
        s1_0.updated_at,
        s1_0.user_id,
        a2_0.updated_at,
        a2_0.username,
        m1_0.channel_id,
        m1_0.content,
        m1_0.created_at,
        m1_0.updated_at 
    [34mfrom[0m
        messages m1_0 
    [34mleft[0m [34mjoin[0m
        message_attachments a1_0 
            [34mon[0m m1_0.id=a1_0.message_id 
    [34mleft[0m [34mjoin[0m
        binary_contents a1_1 
            [34mon[0m a1_1.id=a1_0.attachment_id 
    [34mleft[0m [34mjoin[0m
        users a2_0 
            [34mon[0m a2_0.id=m1_0.author_id 
    [34mleft[0m [34mjoin[0m
        binary_contents p1_0 
            [34mon[0m p1_0.id=a2_0.profile_id 
    [34mleft[0m [34mjoin[0m
        user_statuses s1_0 
            [34mon[0m a2_0.id=s1_0.user_id 
    [34mwhere[0m
        m1_0.channel_id=? 
        [34mand[0m m1_0.created_at<?
26-03-30 19:03:59.114 [Test worker] TRACE org.hibernate.orm.jdbc.bind - binding parameter (1:UUID) <- [af0600e6-ae10-4306-b91d-d6554db49472]
26-03-30 19:03:59.114 [Test worker] TRACE org.hibernate.orm.jdbc.bind - binding parameter (2:TIMESTAMP_UTC) <- [2026-03-30T10:03:59.068440Z]
26-03-30 19:03:59.155 [SpringApplicationShutdownHook] INFO  o.s.o.j.LocalContainerEntityManagerFactoryBean - Closing JPA EntityManagerFactory for persistence unit 'default'
26-03-30 19:03:59.156 [SpringApplicationShutdownHook] DEBUG org.hibernate.SQL - 
    [34mdrop[0m [34mtable[0m [34mif[0m [34mexists[0m binary_contents [34mcascade[0m 
26-03-30 19:03:59.157 [SpringApplicationShutdownHook] DEBUG org.hibernate.SQL - 
    [34mdrop[0m [34mtable[0m [34mif[0m [34mexists[0m channels [34mcascade[0m 
26-03-30 19:03:59.158 [SpringApplicationShutdownHook] DEBUG org.hibernate.SQL - 
    [34mdrop[0m [34mtable[0m [34mif[0m [34mexists[0m message_attachments [34mcascade[0m 
26-03-30 19:03:59.158 [SpringApplicationShutdownHook] DEBUG org.hibernate.SQL - 
    [34mdrop[0m [34mtable[0m [34mif[0m [34mexists[0m messages [34mcascade[0m 
26-03-30 19:03:59.158 [SpringApplicationShutdownHook] DEBUG org.hibernate.SQL - 
    [34mdrop[0m [34mtable[0m [34mif[0m [34mexists[0m read_statuses [34mcascade[0m 
26-03-30 19:03:59.159 [SpringApplicationShutdownHook] DEBUG org.hibernate.SQL - 
    [34mdrop[0m [34mtable[0m [34mif[0m [34mexists[0m user_statuses [34mcascade[0m 
26-03-30 19:03:59.159 [SpringApplicationShutdownHook] DEBUG org.hibernate.SQL - 
    [34mdrop[0m [34mtable[0m [34mif[0m [34mexists[0m users [34mcascade[0m 
26-03-30 19:04:03.516 [background-preinit] INFO  o.h.validator.internal.util.Version - HV000001: Hibernate Validator 8.0.1.Final
26-03-30 19:04:03.534 [Test worker] INFO  c.s.m.d.r.MessageRepositoryTest - Starting MessageRepositoryTest using Java 17.0.17 with PID 5754 (started by jiho in /Users/jiho/codeit/discodeit)
26-03-30 19:04:03.535 [Test worker] INFO  c.s.m.d.r.MessageRepositoryTest - The following 1 profile is active: "test"
26-03-30 19:04:03.665 [Test worker] INFO  o.s.d.r.c.RepositoryConfigurationDelegate - Bootstrapping Spring Data JPA repositories in DEFAULT mode.
26-03-30 19:04:03.689 [Test worker] INFO  o.s.d.r.c.RepositoryConfigurationDelegate - Finished Spring Data repository scanning in 21 ms. Found 6 JPA repository interfaces.
26-03-30 19:04:03.705 [Test worker] INFO  o.s.b.t.a.j.TestDatabaseAutoConfiguration$EmbeddedDataSourceBeanFactoryPostProcessor - Replacing 'dataSource' DataSource bean with embedded version
26-03-30 19:04:03.752 [Test worker] INFO  o.s.j.d.e.EmbeddedDatabaseFactory - Starting embedded database: url='jdbc:h2:mem:333937e4-278e-45ff-967b-5c160c2b632a;DB_CLOSE_DELAY=-1;DB_CLOSE_ON_EXIT=false', username='sa'
26-03-30 19:04:03.827 [Test worker] INFO  o.h.jpa.internal.util.LogHelper - HHH000204: Processing PersistenceUnitInfo [name: default]
26-03-30 19:04:03.843 [Test worker] INFO  org.hibernate.Version - HHH000412: Hibernate ORM core version 6.6.2.Final
26-03-30 19:04:03.853 [Test worker] INFO  o.h.c.i.RegionFactoryInitiator - HHH000026: Second-level cache disabled
26-03-30 19:04:03.927 [Test worker] INFO  o.s.o.j.p.SpringPersistenceUnitInfo - No LoadTimeWeaver setup: ignoring JPA class transformer
26-03-30 19:04:03.955 [Test worker] INFO  o.hibernate.orm.connections.pooling - HHH10001005: Database info:
	Database JDBC URL [Connecting through datasource 'org.springframework.jdbc.datasource.embedded.EmbeddedDatabaseFactory$EmbeddedDataSourceProxy@59f7c106']
	Database driver: undefined/unknown
	Database version: 2.3.232
	Autocommit mode: undefined/unknown
	Isolation level: undefined/unknown
	Minimum pool size: undefined/unknown
	Maximum pool size: undefined/unknown
26-03-30 19:04:04.251 [Test worker] INFO  o.h.e.t.j.p.i.JtaPlatformInitiator - HHH000489: No JTA platform available (set 'hibernate.transaction.jta.platform' to enable JTA platform integration)
26-03-30 19:04:04.256 [Test worker] DEBUG org.hibernate.SQL - 
    [34mdrop[0m [34mtable[0m [34mif[0m [34mexists[0m binary_contents [34mcascade[0m 
26-03-30 19:04:04.257 [Test worker] DEBUG org.hibernate.SQL - 
    [34mdrop[0m [34mtable[0m [34mif[0m [34mexists[0m channels [34mcascade[0m 
26-03-30 19:04:04.257 [Test worker] DEBUG org.hibernate.SQL - 
    [34mdrop[0m [34mtable[0m [34mif[0m [34mexists[0m message_attachments [34mcascade[0m 
26-03-30 19:04:04.257 [Test worker] DEBUG org.hibernate.SQL - 
    [34mdrop[0m [34mtable[0m [34mif[0m [34mexists[0m messages [34mcascade[0m 
26-03-30 19:04:04.257 [Test worker] DEBUG org.hibernate.SQL - 
    [34mdrop[0m [34mtable[0m [34mif[0m [34mexists[0m read_statuses [34mcascade[0m 
26-03-30 19:04:04.257 [Test worker] DEBUG org.hibernate.SQL - 
    [34mdrop[0m [34mtable[0m [34mif[0m [34mexists[0m user_statuses [34mcascade[0m 
26-03-30 19:04:04.258 [Test worker] DEBUG org.hibernate.SQL - 
    [34mdrop[0m [34mtable[0m [34mif[0m [34mexists[0m users [34mcascade[0m 
26-03-30 19:04:04.259 [Test worker] DEBUG org.hibernate.SQL - 
    [34mcreate[0m [34mtable[0m binary_contents (
        created_at [34mtimestamp[0m(6) [34mwith[0m [34mtime[0m zone [34mnot[0m [34mnull[0m,
        size [34mbigint[0m [34mnot[0m [34mnull[0m,
        id uuid [34mnot[0m [34mnull[0m,
        content_type [34mvarchar[0m(100) [34mnot[0m [34mnull[0m,
        file_name [34mvarchar[0m(255) [34mnot[0m [34mnull[0m,
        [34mprimary[0m [34mkey[0m (id)
    )
26-03-30 19:04:04.262 [Test worker] DEBUG org.hibernate.SQL - 
    [34mcreate[0m [34mtable[0m channels (
        created_at [34mtimestamp[0m(6) [34mwith[0m [34mtime[0m zone [34mnot[0m [34mnull[0m,
        updated_at [34mtimestamp[0m(6) [34mwith[0m [34mtime[0m zone,
        id uuid [34mnot[0m [34mnull[0m,
        name [34mvarchar[0m(100),
        description [34mvarchar[0m(500),
        type enum ([36m'PRIVATE'[0m,[36m'PUBLIC'[0m) [34mnot[0m [34mnull[0m,
        [34mprimary[0m [34mkey[0m (id)
    )
26-03-30 19:04:04.263 [Test worker] DEBUG org.hibernate.SQL - 
    [34mcreate[0m [34mtable[0m message_attachments (
        attachment_id uuid [34mnot[0m [34mnull[0m [34munique[0m,
        message_id uuid [34mnot[0m [34mnull[0m
    )
26-03-30 19:04:04.263 [Test worker] DEBUG org.hibernate.SQL - 
    [34mcreate[0m [34mtable[0m messages (
        created_at [34mtimestamp[0m(6) [34mwith[0m [34mtime[0m zone [34mnot[0m [34mnull[0m,
        updated_at [34mtimestamp[0m(6) [34mwith[0m [34mtime[0m zone,
        author_id uuid,
        channel_id uuid [34mnot[0m [34mnull[0m,
        id uuid [34mnot[0m [34mnull[0m,
        content TEXT,
        [34mprimary[0m [34mkey[0m (id)
    )
26-03-30 19:04:04.264 [Test worker] DEBUG org.hibernate.SQL - 
    [34mcreate[0m [34mtable[0m read_statuses (
        created_at [34mtimestamp[0m(6) [34mwith[0m [34mtime[0m zone [34mnot[0m [34mnull[0m,
        last_read_at [34mtimestamp[0m(6) [34mwith[0m [34mtime[0m zone [34mnot[0m [34mnull[0m,
        updated_at [34mtimestamp[0m(6) [34mwith[0m [34mtime[0m zone,
        channel_id uuid [34mnot[0m [34mnull[0m,
        id uuid [34mnot[0m [34mnull[0m,
        user_id uuid [34mnot[0m [34mnull[0m,
        [34mprimary[0m [34mkey[0m (id),
        [34mconstraint[0m uk_read_statuses_user_channel [34munique[0m (user_id, channel_id)
    )
26-03-30 19:04:04.265 [Test worker] DEBUG org.hibernate.SQL - 
    [34mcreate[0m [34mtable[0m user_statuses (
        created_at [34mtimestamp[0m(6) [34mwith[0m [34mtime[0m zone [34mnot[0m [34mnull[0m,
        last_active_at [34mtimestamp[0m(6) [34mwith[0m [34mtime[0m zone [34mnot[0m [34mnull[0m,
        updated_at [34mtimestamp[0m(6) [34mwith[0m [34mtime[0m zone,
        id uuid [34mnot[0m [34mnull[0m,
        user_id uuid [34mnot[0m [34mnull[0m [34munique[0m,
        [34mprimary[0m [34mkey[0m (id)
    )
26-03-30 19:04:04.266 [Test worker] DEBUG org.hibernate.SQL - 
    [34mcreate[0m [34mtable[0m users (
        created_at [34mtimestamp[0m(6) [34mwith[0m [34mtime[0m zone [34mnot[0m [34mnull[0m,
        updated_at [34mtimestamp[0m(6) [34mwith[0m [34mtime[0m zone,
        id uuid [34mnot[0m [34mnull[0m,
        profile_id uuid [34munique[0m,
        username [34mvarchar[0m(50) [34mnot[0m [34mnull[0m [34munique[0m,
        password [34mvarchar[0m(60) [34mnot[0m [34mnull[0m,
        email [34mvarchar[0m(100) [34mnot[0m [34mnull[0m [34munique[0m,
        [34mprimary[0m [34mkey[0m (id)
    )
26-03-30 19:04:04.268 [Test worker] DEBUG org.hibernate.SQL - 
    [34malter[0m [34mtable[0m [34mif[0m [34mexists[0m message_attachments 
       [34madd[0m [34mconstraint[0m FKsd1m8rb8jcpbcnb7rpdue7ctc 
       [34mforeign[0m [34mkey[0m (attachment_id) 
       [34mreferences[0m binary_contents
26-03-30 19:04:04.272 [Test worker] DEBUG org.hibernate.SQL - 
    [34malter[0m [34mtable[0m [34mif[0m [34mexists[0m message_attachments 
       [34madd[0m [34mconstraint[0m FKj7twd218e2gqw9cmlhwvo1rth 
       [34mforeign[0m [34mkey[0m (message_id) 
       [34mreferences[0m messages
26-03-30 19:04:04.273 [Test worker] DEBUG org.hibernate.SQL - 
    [34malter[0m [34mtable[0m [34mif[0m [34mexists[0m messages 
       [34madd[0m [34mconstraint[0m FKowtlim26svclkatusptbgi7u1 
       [34mforeign[0m [34mkey[0m (author_id) 
       [34mreferences[0m users
26-03-30 19:04:04.273 [Test worker] DEBUG org.hibernate.SQL - 
    [34malter[0m [34mtable[0m [34mif[0m [34mexists[0m messages 
       [34madd[0m [34mconstraint[0m FK3u3ckbhwq9se1cmopk2pq05b2 
       [34mforeign[0m [34mkey[0m (channel_id) 
       [34mreferences[0m channels
26-03-30 19:04:04.274 [Test worker] DEBUG org.hibernate.SQL - 
    [34malter[0m [34mtable[0m [34mif[0m [34mexists[0m read_statuses 
       [34madd[0m [34mconstraint[0m FKa38ri44ml4gfdpklx4ahqr8gd 
       [34mforeign[0m [34mkey[0m (channel_id) 
       [34mreferences[0m channels
26-03-30 19:04:04.275 [Test worker] DEBUG org.hibernate.SQL - 
    [34malter[0m [34mtable[0m [34mif[0m [34mexists[0m read_statuses 
       [34madd[0m [34mconstraint[0m FKml3k4wr9sj5yxrmj6d0aoib2e 
       [34mforeign[0m [34mkey[0m (user_id) 
       [34mreferences[0m users
26-03-30 19:04:04.276 [Test worker] DEBUG org.hibernate.SQL - 
    [34malter[0m [34mtable[0m [34mif[0m [34mexists[0m user_statuses 
       [34madd[0m [34mconstraint[0m FK4lfl3ei2ubchgcxrrpo3pw4mm 
       [34mforeign[0m [34mkey[0m (user_id) 
       [34mreferences[0m users
26-03-30 19:04:04.276 [Test worker] DEBUG org.hibernate.SQL - 
    [34malter[0m [34mtable[0m [34mif[0m [34mexists[0m users 
       [34madd[0m [34mconstraint[0m FKtbudycgrip49xdptogmhfqnso 
       [34mforeign[0m [34mkey[0m (profile_id) 
       [34mreferences[0m binary_contents
26-03-30 19:04:04.278 [Test worker] INFO  o.s.o.j.LocalContainerEntityManagerFactoryBean - Initialized JPA EntityManagerFactory for persistence unit 'default'
26-03-30 19:04:04.408 [Test worker] INFO  o.s.d.j.r.query.QueryEnhancerFactory - Hibernate is in classpath; If applicable, HQL parser will be used.
26-03-30 19:04:04.612 [Test worker] INFO  c.s.m.d.r.MessageRepositoryTest - Started MessageRepositoryTest in 1.205 seconds (process running for 1.528)
26-03-30 19:04:04.899 [Test worker] DEBUG org.hibernate.SQL - 
    [34minsert[0m 
    [34minto[0m
        users
        (created_at, email, password, profile_id, updated_at, username, id) 
    [34mvalues[0m
        (?, ?, ?, ?, ?, ?, ?)
26-03-30 19:04:04.902 [Test worker] TRACE org.hibernate.orm.jdbc.bind - binding parameter (1:TIMESTAMP_UTC) <- [2026-03-30T10:04:04.838167Z]
26-03-30 19:04:04.904 [Test worker] TRACE org.hibernate.orm.jdbc.bind - binding parameter (2:VARCHAR) <- [author@test.com]
26-03-30 19:04:04.904 [Test worker] TRACE org.hibernate.orm.jdbc.bind - binding parameter (3:VARCHAR) <- [pass]
26-03-30 19:04:04.904 [Test worker] TRACE org.hibernate.orm.jdbc.bind - binding parameter (4:UUID) <- [null]
26-03-30 19:04:04.905 [Test worker] TRACE org.hibernate.orm.jdbc.bind - binding parameter (5:TIMESTAMP_UTC) <- [2026-03-30T10:04:04.838167Z]
26-03-30 19:04:04.905 [Test worker] TRACE org.hibernate.orm.jdbc.bind - binding parameter (6:VARCHAR) <- [author]
26-03-30 19:04:04.905 [Test worker] TRACE org.hibernate.orm.jdbc.bind - binding parameter (7:UUID) <- [f9382951-a8c1-48d1-916c-23a6171bc646]
26-03-30 19:04:04.910 [Test worker] DEBUG org.hibernate.SQL - 
    [34minsert[0m 
    [34minto[0m
        channels
        (created_at, description, name, type, updated_at, id) 
    [34mvalues[0m
        (?, ?, ?, ?, ?, ?)
26-03-30 19:04:04.910 [Test worker] TRACE org.hibernate.orm.jdbc.bind - binding parameter (1:TIMESTAMP_UTC) <- [2026-03-30T10:04:04.844173Z]
26-03-30 19:04:04.910 [Test worker] TRACE org.hibernate.orm.jdbc.bind - binding parameter (2:VARCHAR) <- [Desc]
26-03-30 19:04:04.910 [Test worker] TRACE org.hibernate.orm.jdbc.bind - binding parameter (3:VARCHAR) <- [Message Channel]
26-03-30 19:04:04.910 [Test worker] TRACE org.hibernate.orm.jdbc.bind - binding parameter (4:ENUM) <- [PUBLIC]
26-03-30 19:04:04.910 [Test worker] TRACE org.hibernate.orm.jdbc.bind - binding parameter (5:TIMESTAMP_UTC) <- [2026-03-30T10:04:04.844173Z]
26-03-30 19:04:04.910 [Test worker] TRACE org.hibernate.orm.jdbc.bind - binding parameter (6:UUID) <- [7719ce5d-88c0-4c25-bfe7-e6009265893f]
26-03-30 19:04:04.910 [Test worker] DEBUG org.hibernate.SQL - 
    [34minsert[0m 
    [34minto[0m
        messages
        (author_id, channel_id, content, created_at, updated_at, id) 
    [34mvalues[0m
        (?, ?, ?, ?, ?, ?)
26-03-30 19:04:04.911 [Test worker] TRACE org.hibernate.orm.jdbc.bind - binding parameter (1:UUID) <- [f9382951-a8c1-48d1-916c-23a6171bc646]
26-03-30 19:04:04.911 [Test worker] TRACE org.hibernate.orm.jdbc.bind - binding parameter (2:UUID) <- [7719ce5d-88c0-4c25-bfe7-e6009265893f]
26-03-30 19:04:04.911 [Test worker] TRACE org.hibernate.orm.jdbc.bind - binding parameter (3:VARCHAR) <- [First Message]
26-03-30 19:04:04.911 [Test worker] TRACE org.hibernate.orm.jdbc.bind - binding parameter (4:TIMESTAMP_UTC) <- [2026-03-30T10:04:04.845572Z]
26-03-30 19:04:04.911 [Test worker] TRACE org.hibernate.orm.jdbc.bind - binding parameter (5:TIMESTAMP_UTC) <- [2026-03-30T10:04:04.845572Z]
26-03-30 19:04:04.911 [Test worker] TRACE org.hibernate.orm.jdbc.bind - binding parameter (6:UUID) <- [23bc38d5-44f6-46d7-bcd6-2a2c04d2a186]
26-03-30 19:04:04.911 [Test worker] DEBUG org.hibernate.SQL - 
    [34minsert[0m 
    [34minto[0m
        messages
        (author_id, channel_id, content, created_at, updated_at, id) 
    [34mvalues[0m
        (?, ?, ?, ?, ?, ?)
26-03-30 19:04:04.912 [Test worker] TRACE org.hibernate.orm.jdbc.bind - binding parameter (1:UUID) <- [f9382951-a8c1-48d1-916c-23a6171bc646]
26-03-30 19:04:04.912 [Test worker] TRACE org.hibernate.orm.jdbc.bind - binding parameter (2:UUID) <- [7719ce5d-88c0-4c25-bfe7-e6009265893f]
26-03-30 19:04:04.912 [Test worker] TRACE org.hibernate.orm.jdbc.bind - binding parameter (3:VARCHAR) <- [Second Message]
26-03-30 19:04:04.912 [Test worker] TRACE org.hibernate.orm.jdbc.bind - binding parameter (4:TIMESTAMP_UTC) <- [2026-03-30T10:04:04.859454Z]
26-03-30 19:04:04.912 [Test worker] TRACE org.hibernate.orm.jdbc.bind - binding parameter (5:TIMESTAMP_UTC) <- [2026-03-30T10:04:04.859454Z]
26-03-30 19:04:04.912 [Test worker] TRACE org.hibernate.orm.jdbc.bind - binding parameter (6:UUID) <- [6a05e052-695b-487d-abef-bab3116f34fd]
26-03-30 19:04:04.912 [Test worker] DEBUG org.hibernate.SQL - 
    [34minsert[0m 
    [34minto[0m
        messages
        (author_id, channel_id, content, created_at, updated_at, id) 
    [34mvalues[0m
        (?, ?, ?, ?, ?, ?)
26-03-30 19:04:04.913 [Test worker] TRACE org.hibernate.orm.jdbc.bind - binding parameter (1:UUID) <- [f9382951-a8c1-48d1-916c-23a6171bc646]
26-03-30 19:04:04.913 [Test worker] TRACE org.hibernate.orm.jdbc.bind - binding parameter (2:UUID) <- [7719ce5d-88c0-4c25-bfe7-e6009265893f]
26-03-30 19:04:04.913 [Test worker] TRACE org.hibernate.orm.jdbc.bind - binding parameter (3:VARCHAR) <- [Third Message]
26-03-30 19:04:04.913 [Test worker] TRACE org.hibernate.orm.jdbc.bind - binding parameter (4:TIMESTAMP_UTC) <- [2026-03-30T10:04:04.872336Z]
26-03-30 19:04:04.913 [Test worker] TRACE org.hibernate.orm.jdbc.bind - binding parameter (5:TIMESTAMP_UTC) <- [2026-03-30T10:04:04.872336Z]
26-03-30 19:04:04.913 [Test worker] TRACE org.hibernate.orm.jdbc.bind - binding parameter (6:UUID) <- [76e71924-3815-47c5-a8ef-6ae0b145c6b0]
26-03-30 19:04:04.917 [Test worker] DEBUG org.hibernate.SQL - 
    [34mselect[0m
        m1_0.id,
        m1_0.author_id,
        m1_0.channel_id,
        m1_0.content,
        m1_0.created_at,
        m1_0.updated_at 
    [34mfrom[0m
        messages m1_0 
    [34mwhere[0m
        m1_0.channel_id=? 
    [34morder[0m [34mby[0m
        m1_0.created_at desc 
    [34mfetch[0m
        first ? [34mrows[0m [34monly[0m
26-03-30 19:04:04.918 [Test worker] TRACE org.hibernate.orm.jdbc.bind - binding parameter (1:UUID) <- [7719ce5d-88c0-4c25-bfe7-e6009265893f]
26-03-30 19:04:04.918 [Test worker] TRACE org.hibernate.orm.jdbc.bind - binding parameter (2:INTEGER) <- [1]
26-03-30 19:04:04.952 [SpringApplicationShutdownHook] INFO  o.s.o.j.LocalContainerEntityManagerFactoryBean - Closing JPA EntityManagerFactory for persistence unit 'default'
26-03-30 19:04:04.952 [SpringApplicationShutdownHook] DEBUG org.hibernate.SQL - 
    [34mdrop[0m [34mtable[0m [34mif[0m [34mexists[0m binary_contents [34mcascade[0m 
26-03-30 19:04:04.953 [SpringApplicationShutdownHook] DEBUG org.hibernate.SQL - 
    [34mdrop[0m [34mtable[0m [34mif[0m [34mexists[0m channels [34mcascade[0m 
26-03-30 19:04:04.953 [SpringApplicationShutdownHook] DEBUG org.hibernate.SQL - 
    [34mdrop[0m [34mtable[0m [34mif[0m [34mexists[0m message_attachments [34mcascade[0m 
26-03-30 19:04:04.954 [SpringApplicationShutdownHook] DEBUG org.hibernate.SQL - 
    [34mdrop[0m [34mtable[0m [34mif[0m [34mexists[0m messages [34mcascade[0m 
26-03-30 19:04:04.954 [SpringApplicationShutdownHook] DEBUG org.hibernate.SQL - 
    [34mdrop[0m [34mtable[0m [34mif[0m [34mexists[0m read_statuses [34mcascade[0m 
26-03-30 19:04:04.954 [SpringApplicationShutdownHook] DEBUG org.hibernate.SQL - 
    [34mdrop[0m [34mtable[0m [34mif[0m [34mexists[0m user_statuses [34mcascade[0m 
26-03-30 19:04:04.954 [SpringApplicationShutdownHook] DEBUG org.hibernate.SQL - 
    [34mdrop[0m [34mtable[0m [34mif[0m [34mexists[0m users [34mcascade[0m 
